$date
	Sat Nov 22 21:08:08 2025
$end
$version
	Icarus Verilog
$end
$timescale
	1ps
$end
$scope module tb_bigmul_unit_csa $end
$scope module dut $end
$var wire 1 ! clk $end
$var wire 32 " operand_size [31:0] $end
$var wire 1 # rstn $end
$var wire 1 $ start $end
$var parameter 32 % BATCH $end
$var parameter 32 & NDIAGS $end
$var parameter 32 ' NWORDS $end
$var parameter 64 ( TOTAL_PARTIALS $end
$var reg 64 ) Ai [63:0] $end
$var reg 64 * Bj [63:0] $end
$var reg 64 + acc0 [63:0] $end
$var reg 64 , acc1 [63:0] $end
$var reg 64 - acc2 [63:0] $end
$var reg 64 . b0 [63:0] $end
$var reg 64 / b1 [63:0] $end
$var reg 64 0 b2 [63:0] $end
$var reg 1 1 busy $end
$var reg 64 2 c0 [63:0] $end
$var reg 64 3 c1 [63:0] $end
$var reg 1 4 compute_done $end
$var reg 64 5 hi [63:0] $end
$var reg 64 6 lo [63:0] $end
$var reg 128 7 prod [127:0] $end
$var reg 128 8 t0 [127:0] $end
$var reg 128 9 t1 [127:0] $end
$var integer 32 : i [31:0] $end
$var integer 32 ; i_max [31:0] $end
$var integer 32 < i_min [31:0] $end
$var integer 32 = ii [31:0] $end
$var integer 32 > jj [31:0] $end
$var integer 32 ? k_iter [31:0] $end
$var integer 32 @ processed [31:0] $end
$var integer 32 A produced_total [31:0] $end
$var integer 32 B retired_total [31:0] $end
$var integer 32 C s_diag [31:0] $end
$scope function read_result $end
$var integer 32 D addr [31:0] $end
$upscope $end
$scope task acc_add_u192 $end
$var reg 64 E hi [63:0] $end
$var reg 64 F hi2 [63:0] $end
$var reg 64 G lo [63:0] $end
$var reg 192 H old [191:0] $end
$var reg 192 I sum [191:0] $end
$upscope $end
$scope task acc_clear $end
$upscope $end
$scope task acc_shr_64 $end
$upscope $end
$scope task write_cacheA $end
$var reg 64 J val [63:0] $end
$var integer 32 K addr [31:0] $end
$upscope $end
$scope task write_cacheB $end
$var reg 64 L val [63:0] $end
$var integer 32 M addr [31:0] $end
$upscope $end
$upscope $end
$upscope $end
$enddefinitions $end
$comment Show the parameter values. $end
$dumpall
b1000000000000 (
b1000000 '
b10000000 &
b11001 %
$end
#0
$dumpvars
bx M
bx L
bx K
bx J
bx I
bx H
bx G
bx F
bx E
bx D
b0 C
b0 B
b0 A
bx @
b0 ?
bx >
bx =
b0 <
b0 ;
b10000000 :
bx 9
bx 8
bx 7
bx 6
bx 5
04
bx 3
bx 2
01
bx 0
bx /
bx .
b0 -
b0 ,
b0 +
bx *
bx )
0$
0#
bx "
0!
$end
#5000
b10000000 :
1!
#10000
0!
#15000
b10000000 :
1!
#20000
0!
1#
#25000
1!
#30000
0!
#35000
1!
#40000
0!
b111111111111111111111111111111111111111111111111111111111111111 L
b111111 M
b111111111111111111111111111111111111111111111111111111111111111 J
b111111 K
b1000000 "
#45000
1!
#50000
0!
1$
#55000
11
b10000000 :
1!
#60000
0!
0$
#65000
b1 ;
b1 C
b1 B
b0 ,
b11111111111111111111111111111111111111111111111111111111111111 +
b111111111111111111111111111111111111111111111111111111111111110000000000000000000000000000000000000000000000000000000000000001 I
b0 H
b0 F
b11111111111111111111111111111111111111111111111111111111111111 E
b1 G
b1 A
b0 ?
b0 3
b11111111111111111111111111111111111111111111111111111111111111 9
b0 2
b1 8
b11111111111111111111111111111111111111111111111111111111111111 5
b1 6
b111111111111111111111111111111111111111111111111111111111111110000000000000000000000000000000000000000000000000000000000000001 7
b111111111111111111111111111111111111111111111111111111111111111 *
b111111111111111111111111111111111111111111111111111111111111111 )
b0 >
b0 =
b0 0
b11111111111111111111111111111111111111111111111111111111111111 /
b1 .
b1 @
1!
#70000
0!
#75000
b10 ;
b10 C
b11 B
b0 ,
b111111111111111111111111111111111111111111111111111111111111110 +
b1111111111111111111111111111111111111111111111111111111111111100100000000000000000000000000000000000000000000000000000000000001 I
b11111111111111111111111111111111111111111111111111111111111111 H
b111111111111111111111111111111111111111111111111111111111111110 E
b10 G
b111111111111111111111111111111111111111111111111111111111111110 9
b10 8
b1 =
b11 A
b0 ?
b0 >
b111111111111111111111111111111111111111111111111111111111111110 /
b10 .
b10 @
1!
#80000
0!
#85000
b11 ;
b11 C
b110 B
b0 ,
b1011111111111111111111111111111111111111111111111111111111111101 +
b10111111111111111111111111111111111111111111111111111111111111011000000000000000000000000000000000000000000000000000000000000001 I
b111111111111111111111111111111111111111111111111111111111111110 H
b1011111111111111111111111111111111111111111111111111111111111101 E
b11 G
b110 A
b0 ?
b1011111111111111111111111111111111111111111111111111111111111101 9
b11 8
b0 >
b10 =
b1011111111111111111111111111111111111111111111111111111111111101 /
b11 .
b11 @
1!
#90000
0!
#95000
b100 ;
b100 C
b1010 B
b0 ,
b1111111111111111111111111111111111111111111111111111111111111100 +
b11111111111111111111111111111111111111111111111111111111111111001100000000000000000000000000000000000000000000000000000000000001 I
b1011111111111111111111111111111111111111111111111111111111111101 H
b1111111111111111111111111111111111111111111111111111111111111100 E
b100 G
b1010 A
b0 ?
b1111111111111111111111111111111111111111111111111111111111111100 9
b100 8
b0 >
b11 =
b1111111111111111111111111111111111111111111111111111111111111100 /
b100 .
b100 @
1!
#100000
0!
#105000
b101 ;
b101 C
b1111 B
b0 -
b1 ,
b11111111111111111111111111111111111111111111111111111111111100 +
b100111111111111111111111111111111111111111111111111111111111111000000000000000000000000000000000000000000000000000000000000000001 I
b1111111111111111111111111111111111111111111111111111111111111100 H
b1 F
b11111111111111111111111111111111111111111111111111111111111011 E
b101 G
b1 0
b1 3
b1111 A
b0 ?
b10011111111111111111111111111111111111111111111111111111111111011 9
b101 8
b0 >
b100 =
b11111111111111111111111111111111111111111111111111111111111011 /
b101 .
b101 @
1!
#110000
0!
#115000
b110 ;
b110 C
b10101 B
b0 -
b1 ,
b111111111111111111111111111111111111111111111111111111111111011 +
b101111111111111111111111111111111111111111111111111111111111110110100000000000000000000000000000000000000000000000000000000000010 I
b10011111111111111111111111111111111111111111111111111111111111100 H
b111111111111111111111111111111111111111111111111111111111111010 E
b110 G
b10101 A
b0 ?
b0 3
b111111111111111111111111111111111111111111111111111111111111010 9
b110 8
b0 >
b101 =
b1 0
b111111111111111111111111111111111111111111111111111111111111010 /
b110 .
b110 @
1!
#120000
0!
#125000
b111 ;
b111 C
b11100 B
b0 -
b1 ,
b1011111111111111111111111111111111111111111111111111111111111010 +
b110111111111111111111111111111111111111111111111111111111111110101000000000000000000000000000000000000000000000000000000000000010 I
b10111111111111111111111111111111111111111111111111111111111111011 H
b1011111111111111111111111111111111111111111111111111111111111001 E
b111 G
b0 3
b11100 A
b0 ?
b1011111111111111111111111111111111111111111111111111111111111001 9
b111 8
b0 >
b110 =
b1 0
b1011111111111111111111111111111111111111111111111111111111111001 /
b111 .
b111 @
1!
#130000
0!
#135000
b1000 ;
b1000 C
b100100 B
b0 -
b1 ,
b1111111111111111111111111111111111111111111111111111111111111001 +
b111111111111111111111111111111111111111111111111111111111111110011100000000000000000000000000000000000000000000000000000000000010 I
b11011111111111111111111111111111111111111111111111111111111111010 H
b1111111111111111111111111111111111111111111111111111111111111000 E
b1000 G
b0 3
b100100 A
b0 ?
b1111111111111111111111111111111111111111111111111111111111111000 9
b1000 8
b0 >
b111 =
b1 0
b1111111111111111111111111111111111111111111111111111111111111000 /
b1000 .
b1000 @
1!
#140000
0!
#145000
b1001 ;
b1001 C
b101101 B
b0 -
b10 ,
b11111111111111111111111111111111111111111111111111111111111001 +
b1000111111111111111111111111111111111111111111111111111111111110010000000000000000000000000000000000000000000000000000000000000010 I
b11111111111111111111111111111111111111111111111111111111111111001 H
b10 F
b11111111111111111111111111111111111111111111111111111111110111 E
b1001 G
b1 3
b101101 A
b0 ?
b10011111111111111111111111111111111111111111111111111111111110111 9
b1001 8
b0 >
b1000 =
b10 0
b11111111111111111111111111111111111111111111111111111111110111 /
b1001 .
b1001 @
1!
#150000
0!
#155000
b1010 ;
b1010 C
b110111 B
b0 -
b10 ,
b111111111111111111111111111111111111111111111111111111111111000 +
b1001111111111111111111111111111111111111111111111111111111111110000100000000000000000000000000000000000000000000000000000000000011 I
b100011111111111111111111111111111111111111111111111111111111111001 H
b111111111111111111111111111111111111111111111111111111111110110 E
b1010 G
b110111 A
b0 ?
b0 3
b111111111111111111111111111111111111111111111111111111111110110 9
b1010 8
b0 >
b1001 =
b10 0
b111111111111111111111111111111111111111111111111111111111110110 /
b1010 .
b1010 @
1!
#160000
0!
#165000
b1011 ;
b1011 C
b1000010 B
b0 -
b10 ,
b1011111111111111111111111111111111111111111111111111111111110111 +
b1010111111111111111111111111111111111111111111111111111111111101111000000000000000000000000000000000000000000000000000000000000011 I
b100111111111111111111111111111111111111111111111111111111111111000 H
b1011111111111111111111111111111111111111111111111111111111110101 E
b1011 G
b0 3
b1000010 A
b0 ?
b1011111111111111111111111111111111111111111111111111111111110101 9
b1011 8
b0 >
b1010 =
b10 0
b1011111111111111111111111111111111111111111111111111111111110101 /
b1011 .
b1011 @
1!
#170000
0!
#175000
b1100 ;
b1100 C
b1001110 B
b0 -
b10 ,
b1111111111111111111111111111111111111111111111111111111111110110 +
b1011111111111111111111111111111111111111111111111111111111111101101100000000000000000000000000000000000000000000000000000000000011 I
b101011111111111111111111111111111111111111111111111111111111110111 H
b1111111111111111111111111111111111111111111111111111111111110100 E
b1100 G
b0 3
b1001110 A
b0 ?
b1111111111111111111111111111111111111111111111111111111111110100 9
b1100 8
b0 >
b1011 =
b10 0
b1111111111111111111111111111111111111111111111111111111111110100 /
b1100 .
b1100 @
1!
#180000
0!
#185000
b1101 ;
b1101 C
b1011011 B
b0 -
b11 ,
b11111111111111111111111111111111111111111111111111111111110110 +
b1100111111111111111111111111111111111111111111111111111111111101100000000000000000000000000000000000000000000000000000000000000011 I
b101111111111111111111111111111111111111111111111111111111111110110 H
b11 F
b11111111111111111111111111111111111111111111111111111111110011 E
b1101 G
b1 3
b1011011 A
b0 ?
b10011111111111111111111111111111111111111111111111111111111110011 9
b1101 8
b0 >
b1100 =
b11 0
b11111111111111111111111111111111111111111111111111111111110011 /
b1101 .
b1101 @
1!
#190000
0!
#195000
b1110 ;
b1110 C
b1101001 B
b0 -
b11 ,
b111111111111111111111111111111111111111111111111111111111110101 +
b1101111111111111111111111111111111111111111111111111111111111101010100000000000000000000000000000000000000000000000000000000000100 I
b110011111111111111111111111111111111111111111111111111111111110110 H
b111111111111111111111111111111111111111111111111111111111110010 E
b1110 G
b1101001 A
b0 ?
b0 3
b111111111111111111111111111111111111111111111111111111111110010 9
b1110 8
b0 >
b1101 =
b11 0
b111111111111111111111111111111111111111111111111111111111110010 /
b1110 .
b1110 @
1!
#200000
0!
#205000
b1111 ;
b1111 C
b1111000 B
b0 -
b11 ,
b1011111111111111111111111111111111111111111111111111111111110100 +
b1110111111111111111111111111111111111111111111111111111111111101001000000000000000000000000000000000000000000000000000000000000100 I
b110111111111111111111111111111111111111111111111111111111111110101 H
b1011111111111111111111111111111111111111111111111111111111110001 E
b1111 G
b0 3
b1111000 A
b0 ?
b1011111111111111111111111111111111111111111111111111111111110001 9
b1111 8
b0 >
b1110 =
b11 0
b1011111111111111111111111111111111111111111111111111111111110001 /
b1111 .
b1111 @
1!
#210000
0!
#215000
b10000 ;
b10000 C
b10001000 B
b0 -
b11 ,
b1111111111111111111111111111111111111111111111111111111111110011 +
b1111111111111111111111111111111111111111111111111111111111111100111100000000000000000000000000000000000000000000000000000000000100 I
b111011111111111111111111111111111111111111111111111111111111110100 H
b1111111111111111111111111111111111111111111111111111111111110000 E
b10000 G
b0 3
b10001000 A
b0 ?
b1111111111111111111111111111111111111111111111111111111111110000 9
b10000 8
b0 >
b1111 =
b11 0
b1111111111111111111111111111111111111111111111111111111111110000 /
b10000 .
b10000 @
1!
#220000
0!
#225000
b10001 ;
b10001 C
b10011001 B
b0 -
b100 ,
b11111111111111111111111111111111111111111111111111111111110011 +
b10000111111111111111111111111111111111111111111111111111111111100110000000000000000000000000000000000000000000000000000000000000100 I
b111111111111111111111111111111111111111111111111111111111111110011 H
b100 F
b11111111111111111111111111111111111111111111111111111111101111 E
b10001 G
b1 3
b10011001 A
b0 ?
b10011111111111111111111111111111111111111111111111111111111101111 9
b10001 8
b0 >
b10000 =
b100 0
b11111111111111111111111111111111111111111111111111111111101111 /
b10001 .
b10001 @
1!
#230000
0!
#235000
b10010 ;
b10010 C
b10101011 B
b0 -
b100 ,
b111111111111111111111111111111111111111111111111111111111110010 +
b10001111111111111111111111111111111111111111111111111111111111100100100000000000000000000000000000000000000000000000000000000000101 I
b1000011111111111111111111111111111111111111111111111111111111110011 H
b111111111111111111111111111111111111111111111111111111111101110 E
b10010 G
b10101011 A
b0 ?
b0 3
b111111111111111111111111111111111111111111111111111111111101110 9
b10010 8
b0 >
b10001 =
b100 0
b111111111111111111111111111111111111111111111111111111111101110 /
b10010 .
b10010 @
1!
#240000
0!
#245000
b10011 ;
b10011 C
b10111110 B
b0 -
b100 ,
b1011111111111111111111111111111111111111111111111111111111110001 +
b10010111111111111111111111111111111111111111111111111111111111100011000000000000000000000000000000000000000000000000000000000000101 I
b1000111111111111111111111111111111111111111111111111111111111110010 H
b1011111111111111111111111111111111111111111111111111111111101101 E
b10011 G
b0 3
b10111110 A
b0 ?
b1011111111111111111111111111111111111111111111111111111111101101 9
b10011 8
b0 >
b10010 =
b100 0
b1011111111111111111111111111111111111111111111111111111111101101 /
b10011 .
b10011 @
1!
#250000
0!
#255000
b10100 ;
b10100 C
b11010010 B
b0 -
b100 ,
b1111111111111111111111111111111111111111111111111111111111110000 +
b10011111111111111111111111111111111111111111111111111111111111100001100000000000000000000000000000000000000000000000000000000000101 I
b1001011111111111111111111111111111111111111111111111111111111110001 H
b1111111111111111111111111111111111111111111111111111111111101100 E
b10100 G
b0 3
b11010010 A
b0 ?
b1111111111111111111111111111111111111111111111111111111111101100 9
b10100 8
b0 >
b10011 =
b100 0
b1111111111111111111111111111111111111111111111111111111111101100 /
b10100 .
b10100 @
1!
#260000
0!
#265000
b10101 ;
b10101 C
b11100111 B
b0 -
b101 ,
b11111111111111111111111111111111111111111111111111111111110000 +
b10100111111111111111111111111111111111111111111111111111111111100000000000000000000000000000000000000000000000000000000000000000101 I
b1001111111111111111111111111111111111111111111111111111111111110000 H
b101 F
b11111111111111111111111111111111111111111111111111111111101011 E
b10101 G
b1 3
b11100111 A
b0 ?
b10011111111111111111111111111111111111111111111111111111111101011 9
b10101 8
b0 >
b10100 =
b101 0
b11111111111111111111111111111111111111111111111111111111101011 /
b10101 .
b10101 @
1!
#270000
0!
#275000
b10110 ;
b10110 C
b11111101 B
b0 -
b101 ,
b111111111111111111111111111111111111111111111111111111111101111 +
b10101111111111111111111111111111111111111111111111111111111111011110100000000000000000000000000000000000000000000000000000000000110 I
b1010011111111111111111111111111111111111111111111111111111111110000 H
b111111111111111111111111111111111111111111111111111111111101010 E
b10110 G
b11111101 A
b0 ?
b0 3
b111111111111111111111111111111111111111111111111111111111101010 9
b10110 8
b0 >
b10101 =
b101 0
b111111111111111111111111111111111111111111111111111111111101010 /
b10110 .
b10110 @
1!
#280000
0!
#285000
b10111 ;
b10111 C
b100010100 B
b0 -
b101 ,
b1011111111111111111111111111111111111111111111111111111111101110 +
b10110111111111111111111111111111111111111111111111111111111111011101000000000000000000000000000000000000000000000000000000000000110 I
b1010111111111111111111111111111111111111111111111111111111111101111 H
b1011111111111111111111111111111111111111111111111111111111101001 E
b10111 G
b0 3
b100010100 A
b0 ?
b1011111111111111111111111111111111111111111111111111111111101001 9
b10111 8
b0 >
b10110 =
b101 0
b1011111111111111111111111111111111111111111111111111111111101001 /
b10111 .
b10111 @
1!
#290000
0!
#295000
b11000 ;
b11000 C
b100101100 B
b0 -
b101 ,
b1111111111111111111111111111111111111111111111111111111111101101 +
b10111111111111111111111111111111111111111111111111111111111111011011100000000000000000000000000000000000000000000000000000000000110 I
b1011011111111111111111111111111111111111111111111111111111111101110 H
b1111111111111111111111111111111111111111111111111111111111101000 E
b11000 G
b0 3
b100101100 A
b0 ?
b1111111111111111111111111111111111111111111111111111111111101000 9
b11000 8
b0 >
b10111 =
b101 0
b1111111111111111111111111111111111111111111111111111111111101000 /
b11000 .
b11000 @
1!
#300000
0!
#305000
b11001 ;
b11001 C
b101000101 B
b0 -
b110 ,
b11111111111111111111111111111111111111111111111111111111101101 +
b11000111111111111111111111111111111111111111111111111111111111011010000000000000000000000000000000000000000000000000000000000000110 I
b1011111111111111111111111111111111111111111111111111111111111101101 H
b110 F
b11111111111111111111111111111111111111111111111111111111100111 E
b11001 G
b1 3
b101000101 A
b0 ?
b10011111111111111111111111111111111111111111111111111111111100111 9
b11001 8
b0 >
b11000 =
b110 0
b11111111111111111111111111111111111111111111111111111111100111 /
b11001 .
b11001 @
1!
#310000
0!
#315000
b101011110 B
b110 -
b11111111111111111111111111111111111111111111111111111111101101 ,
b100000000000000000000000000000000000000000000000000000000000110 +
b11000111111111111111111111111111111111111111111111111111111111011010100000000000000000000000000000000000000000000000000000000000110 I
b1100011111111111111111111111111111111111111111111111111111111101101 H
b101011110 A
b11001 ?
b1 3
b10011111111111111111111111111111111111111111111111111111111100111 9
b11001 8
b1 >
b11000 =
b110 0
b11111111111111111111111111111111111111111111111111111111100111 /
b11001 .
b11001 @
1!
#320000
0!
#325000
b11010 ;
b11010 C
b0 -
b101011111 B
b110 ,
b111111111111111111111111111111111111111111111111111111111101100 +
b11001111111111111111111111111111111111111111111111111111111111011000100000000000000000000000000000000000000000000000000000000000111 I
b11000111111111111111111111111111111111111111111111111111111111011010100000000000000000000000000000000000000000000000000000000000110 H
b0 F
b11111111111111111111111111111111111111111111111111111111111111 E
b1 G
b101011111 A
b0 ?
b0 3
b11111111111111111111111111111111111111111111111111111111111111 9
b1 8
b0 >
b11001 =
b0 0
b11111111111111111111111111111111111111111111111111111111111111 /
b1 .
b1 @
1!
#330000
0!
#335000
b101111000 B
b110 -
b11111111111111111111111111111111111111111111111111111111101101 ,
b1000000000000000000000000000000000000000000000000000000000000101 +
b11000111111111111111111111111111111111111111111111111111111111011011000000000000000000000000000000000000000000000000000000000000101 I
b1100111111111111111111111111111111111111111111111111111111111101100 H
b110 F
b11111111111111111111111111111111111111111111111111111111100111 E
b11001 G
b110 0
b1 3
b10011111111111111111111111111111111111111111111111111111111100111 9
b11001 8
b101111000 A
b11001 ?
b10 >
b11000 =
b11111111111111111111111111111111111111111111111111111111100111 /
b11001 .
b11001 @
1!
#340000
0!
#345000
b11011 ;
b11011 C
b0 -
b101111010 B
b110 ,
b1011111111111111111111111111111111111111111111111111111111101011 +
b11010111111111111111111111111111111111111111111111111111111111010111000000000000000000000000000000000000000000000000000000000000111 I
b11000111111111111111111111111111111111111111111111111111111111011011000000000000000000000000000000000000000000000000000000000000101 H
b0 F
b111111111111111111111111111111111111111111111111111111111111110 E
b10 G
b101111010 A
b0 ?
b0 3
b111111111111111111111111111111111111111111111111111111111111110 9
b10 8
b0 >
b11010 =
b0 0
b111111111111111111111111111111111111111111111111111111111111110 /
b10 .
b10 @
1!
#350000
0!
#355000
b110010011 B
b110 -
b11111111111111111111111111111111111111111111111111111111101101 ,
b1100000000000000000000000000000000000000000000000000000000000100 +
b11000111111111111111111111111111111111111111111111111111111111011011100000000000000000000000000000000000000000000000000000000000100 I
b1101011111111111111111111111111111111111111111111111111111111101011 H
b110 F
b11111111111111111111111111111111111111111111111111111111100111 E
b11001 G
b110 0
b1 3
b110010011 A
b11001 ?
b10011111111111111111111111111111111111111111111111111111111100111 9
b11001 8
b11 >
b11000 =
b11111111111111111111111111111111111111111111111111111111100111 /
b11001 .
b11001 @
1!
#360000
0!
#365000
b11100 ;
b11100 C
b0 -
b110010110 B
b110 ,
b1111111111111111111111111111111111111111111111111111111111101010 +
b11011111111111111111111111111111111111111111111111111111111111010101100000000000000000000000000000000000000000000000000000000000111 I
b11000111111111111111111111111111111111111111111111111111111111011011100000000000000000000000000000000000000000000000000000000000100 H
b0 F
b1011111111111111111111111111111111111111111111111111111111111101 E
b11 G
b110010110 A
b0 ?
b0 3
b1011111111111111111111111111111111111111111111111111111111111101 9
b11 8
b0 >
b11011 =
b0 0
b1011111111111111111111111111111111111111111111111111111111111101 /
b11 .
b11 @
1!
#370000
0!
#375000
b110101111 B
b110 -
b11111111111111111111111111111111111111111111111111111111101110 ,
b11 +
b11000111111111111111111111111111111111111111111111111111111111011100000000000000000000000000000000000000000000000000000000000000011 I
b1101111111111111111111111111111111111111111111111111111111111101010 H
b110 F
b11111111111111111111111111111111111111111111111111111111100111 E
b11001 G
b110 0
b1 3
b110101111 A
b11001 ?
b10011111111111111111111111111111111111111111111111111111111100111 9
b11001 8
b100 >
b11000 =
b11111111111111111111111111111111111111111111111111111111100111 /
b11001 .
b11001 @
1!
#380000
0!
#385000
b11101 ;
b11101 C
b110110011 B
b0 -
b111 ,
b11111111111111111111111111111111111111111111111111111111101010 +
b11100111111111111111111111111111111111111111111111111111111111010100000000000000000000000000000000000000000000000000000000000000111 I
b11000111111111111111111111111111111111111111111111111111111111011100000000000000000000000000000000000000000000000000000000000000011 H
b0 F
b1111111111111111111111111111111111111111111111111111111111111100 E
b100 G
b110110011 A
b0 ?
b0 3
b1111111111111111111111111111111111111111111111111111111111111100 9
b100 8
b0 >
b11100 =
b0 0
b1111111111111111111111111111111111111111111111111111111111111100 /
b100 .
b100 @
1!
#390000
0!
#395000
b111001100 B
b110 -
b11111111111111111111111111111111111111111111111111111111101110 ,
b100000000000000000000000000000000000000000000000000000000000011 +
b11000111111111111111111111111111111111111111111111111111111111011100100000000000000000000000000000000000000000000000000000000000011 I
b1110011111111111111111111111111111111111111111111111111111111101010 H
b110 F
b11111111111111111111111111111111111111111111111111111111100111 E
b11001 G
b110 0
b1 3
b111001100 A
b11001 ?
b10011111111111111111111111111111111111111111111111111111111100111 9
b11001 8
b101 >
b11000 =
b11111111111111111111111111111111111111111111111111111111100111 /
b11001 .
b11001 @
1!
#400000
0!
#405000
b11110 ;
b11110 C
b111010001 B
b0 -
b111 ,
b111111111111111111111111111111111111111111111111111111111101001 +
b11101111111111111111111111111111111111111111111111111111111111010010100000000000000000000000000000000000000000000000000000000001000 I
b11000111111111111111111111111111111111111111111111111111111111011100100000000000000000000000000000000000000000000000000000000000011 H
b1 F
b11111111111111111111111111111111111111111111111111111111111011 E
b101 G
b111010001 A
b0 ?
b1 3
b10011111111111111111111111111111111111111111111111111111111111011 9
b101 8
b0 >
b11101 =
b1 0
b11111111111111111111111111111111111111111111111111111111111011 /
b101 .
b101 @
1!
#410000
0!
#415000
b111101010 B
b110 -
b11111111111111111111111111111111111111111111111111111111101110 ,
b1000000000000000000000000000000000000000000000000000000000000010 +
b11000111111111111111111111111111111111111111111111111111111111011101000000000000000000000000000000000000000000000000000000000000010 I
b1110111111111111111111111111111111111111111111111111111111111101001 H
b110 F
b11111111111111111111111111111111111111111111111111111111100111 E
b11001 G
b111101010 A
b11001 ?
b1 3
b10011111111111111111111111111111111111111111111111111111111100111 9
b11001 8
b110 >
b11000 =
b110 0
b11111111111111111111111111111111111111111111111111111111100111 /
b11001 .
b11001 @
1!
#420000
0!
#425000
b11111 ;
b11111 C
b111110000 B
b0 -
b111 ,
b1011111111111111111111111111111111111111111111111111111111101000 +
b11110111111111111111111111111111111111111111111111111111111111010001000000000000000000000000000000000000000000000000000000000001000 I
b11000111111111111111111111111111111111111111111111111111111111011101000000000000000000000000000000000000000000000000000000000000010 H
b1 F
b111111111111111111111111111111111111111111111111111111111111010 E
b110 G
b111110000 A
b0 ?
b0 3
b111111111111111111111111111111111111111111111111111111111111010 9
b110 8
b0 >
b11110 =
b1 0
b111111111111111111111111111111111111111111111111111111111111010 /
b110 .
b110 @
1!
#430000
0!
#435000
b1000001001 B
b110 -
b11111111111111111111111111111111111111111111111111111111101110 ,
b1100000000000000000000000000000000000000000000000000000000000001 +
b11000111111111111111111111111111111111111111111111111111111111011101100000000000000000000000000000000000000000000000000000000000001 I
b1111011111111111111111111111111111111111111111111111111111111101000 H
b110 F
b11111111111111111111111111111111111111111111111111111111100111 E
b11001 G
b1 3
b1000001001 A
b11001 ?
b10011111111111111111111111111111111111111111111111111111111100111 9
b11001 8
b111 >
b11000 =
b110 0
b11111111111111111111111111111111111111111111111111111111100111 /
b11001 .
b11001 @
1!
#440000
0!
#445000
b100000 ;
b100000 C
b1000010000 B
b0 -
b111 ,
b1111111111111111111111111111111111111111111111111111111111100111 +
b11111111111111111111111111111111111111111111111111111111111111001111100000000000000000000000000000000000000000000000000000000001000 I
b11000111111111111111111111111111111111111111111111111111111111011101100000000000000000000000000000000000000000000000000000000000001 H
b1 F
b1011111111111111111111111111111111111111111111111111111111111001 E
b111 G
b1000010000 A
b0 ?
b0 3
b1011111111111111111111111111111111111111111111111111111111111001 9
b111 8
b0 >
b11111 =
b1 0
b1011111111111111111111111111111111111111111111111111111111111001 /
b111 .
b111 @
1!
#450000
0!
#455000
b1000101001 B
b110 -
b11111111111111111111111111111111111111111111111111111111101111 ,
b0 +
b11000111111111111111111111111111111111111111111111111111111111011110000000000000000000000000000000000000000000000000000000000000000 I
b1111111111111111111111111111111111111111111111111111111111111100111 H
b110 F
b11111111111111111111111111111111111111111111111111111111100111 E
b11001 G
b1 3
b1000101001 A
b11001 ?
b10011111111111111111111111111111111111111111111111111111111100111 9
b11001 8
b1000 >
b11000 =
b110 0
b11111111111111111111111111111111111111111111111111111111100111 /
b11001 .
b11001 @
1!
#460000
0!
#465000
b100001 ;
b100001 C
b1000110001 B
b0 -
b1000 ,
b11111111111111111111111111111111111111111111111111111111100111 +
b100000111111111111111111111111111111111111111111111111111111111001110000000000000000000000000000000000000000000000000000000000001000 I
b11000111111111111111111111111111111111111111111111111111111111011110000000000000000000000000000000000000000000000000000000000000000 H
b1 F
b1111111111111111111111111111111111111111111111111111111111111000 E
b1000 G
b1000110001 A
b0 ?
b0 3
b1111111111111111111111111111111111111111111111111111111111111000 9
b1000 8
b0 >
b100000 =
b1 0
b1111111111111111111111111111111111111111111111111111111111111000 /
b1000 .
b1000 @
1!
#470000
0!
#475000
b1001001010 B
b110 -
b11111111111111111111111111111111111111111111111111111111101111 ,
b100000000000000000000000000000000000000000000000000000000000000 +
b11000111111111111111111111111111111111111111111111111111111111011110100000000000000000000000000000000000000000000000000000000000000 I
b10000011111111111111111111111111111111111111111111111111111111100111 H
b110 F
b11111111111111111111111111111111111111111111111111111111100111 E
b11001 G
b1 3
b1001001010 A
b11001 ?
b10011111111111111111111111111111111111111111111111111111111100111 9
b11001 8
b1001 >
b11000 =
b110 0
b11111111111111111111111111111111111111111111111111111111100111 /
b11001 .
b11001 @
1!
#480000
0!
#485000
b100010 ;
b100010 C
b1001010011 B
b0 -
b1000 ,
b111111111111111111111111111111111111111111111111111111111100110 +
b100001111111111111111111111111111111111111111111111111111111111001100100000000000000000000000000000000000000000000000000000000001001 I
b11000111111111111111111111111111111111111111111111111111111111011110100000000000000000000000000000000000000000000000000000000000000 H
b10 F
b11111111111111111111111111111111111111111111111111111111110111 E
b1001 G
b1001010011 A
b0 ?
b1 3
b10011111111111111111111111111111111111111111111111111111111110111 9
b1001 8
b0 >
b100001 =
b10 0
b11111111111111111111111111111111111111111111111111111111110111 /
b1001 .
b1001 @
1!
#490000
0!
#495000
b1001101100 B
b110 -
b11111111111111111111111111111111111111111111111111111111101111 ,
b111111111111111111111111111111111111111111111111111111111111111 +
b11000111111111111111111111111111111111111111111111111111111111011110111111111111111111111111111111111111111111111111111111111111111 I
b10000111111111111111111111111111111111111111111111111111111111100110 H
b110 F
b11111111111111111111111111111111111111111111111111111111100111 E
b11001 G
b1001101100 A
b11001 ?
b1 3
b10011111111111111111111111111111111111111111111111111111111100111 9
b11001 8
b1010 >
b11000 =
b110 0
b11111111111111111111111111111111111111111111111111111111100111 /
b11001 .
b11001 @
1!
#500000
0!
#505000
b100011 ;
b100011 C
b1001110110 B
b0 -
b1000 ,
b1011111111111111111111111111111111111111111111111111111111100101 +
b100010111111111111111111111111111111111111111111111111111111111001011000000000000000000000000000000000000000000000000000000000001001 I
b11000111111111111111111111111111111111111111111111111111111111011110111111111111111111111111111111111111111111111111111111111111111 H
b10 F
b111111111111111111111111111111111111111111111111111111111110110 E
b1010 G
b1001110110 A
b0 ?
b0 3
b111111111111111111111111111111111111111111111111111111111110110 9
b1010 8
b0 >
b100010 =
b10 0
b111111111111111111111111111111111111111111111111111111111110110 /
b1010 .
b1010 @
1!
#510000
0!
#515000
b1010001111 B
b110 -
b11111111111111111111111111111111111111111111111111111111101111 ,
b1011111111111111111111111111111111111111111111111111111111111110 +
b11000111111111111111111111111111111111111111111111111111111111011111011111111111111111111111111111111111111111111111111111111111110 I
b10001011111111111111111111111111111111111111111111111111111111100101 H
b110 F
b11111111111111111111111111111111111111111111111111111111100111 E
b11001 G
b1 3
b1010001111 A
b11001 ?
b10011111111111111111111111111111111111111111111111111111111100111 9
b11001 8
b1011 >
b11000 =
b110 0
b11111111111111111111111111111111111111111111111111111111100111 /
b11001 .
b11001 @
1!
#520000
0!
#525000
b100100 ;
b100100 C
b1010011010 B
b0 -
b1000 ,
b1111111111111111111111111111111111111111111111111111111111100100 +
b100011111111111111111111111111111111111111111111111111111111111001001100000000000000000000000000000000000000000000000000000000001001 I
b11000111111111111111111111111111111111111111111111111111111111011111011111111111111111111111111111111111111111111111111111111111110 H
b10 F
b1011111111111111111111111111111111111111111111111111111111110101 E
b1011 G
b1010011010 A
b0 ?
b0 3
b1011111111111111111111111111111111111111111111111111111111110101 9
b1011 8
b0 >
b100011 =
b10 0
b1011111111111111111111111111111111111111111111111111111111110101 /
b1011 .
b1011 @
1!
#530000
0!
#535000
b1010110011 B
b110 -
b11111111111111111111111111111111111111111111111111111111101111 ,
b1111111111111111111111111111111111111111111111111111111111111101 +
b11000111111111111111111111111111111111111111111111111111111111011111111111111111111111111111111111111111111111111111111111111111101 I
b10001111111111111111111111111111111111111111111111111111111111100100 H
b110 F
b11111111111111111111111111111111111111111111111111111111100111 E
b11001 G
b1 3
b1010110011 A
b11001 ?
b10011111111111111111111111111111111111111111111111111111111100111 9
b11001 8
b1100 >
b11000 =
b110 0
b11111111111111111111111111111111111111111111111111111111100111 /
b11001 .
b11001 @
1!
#540000
0!
#545000
b100101 ;
b100101 C
b1010111111 B
b0 -
b1001 ,
b11111111111111111111111111111111111111111111111111111111100100 +
b100100111111111111111111111111111111111111111111111111111111111001000000000000000000000000000000000000000000000000000000000000001001 I
b11000111111111111111111111111111111111111111111111111111111111011111111111111111111111111111111111111111111111111111111111111111101 H
b10 F
b1111111111111111111111111111111111111111111111111111111111110100 E
b1100 G
b1010111111 A
b0 ?
b0 3
b1111111111111111111111111111111111111111111111111111111111110100 9
b1100 8
b0 >
b100100 =
b10 0
b1111111111111111111111111111111111111111111111111111111111110100 /
b1100 .
b1100 @
1!
#550000
0!
#555000
b1011011000 B
b110 -
b11111111111111111111111111111111111111111111111111111111110000 ,
b11111111111111111111111111111111111111111111111111111111111101 +
b11000111111111111111111111111111111111111111111111111111111111100000011111111111111111111111111111111111111111111111111111111111101 I
b10010011111111111111111111111111111111111111111111111111111111100100 H
b110 F
b11111111111111111111111111111111111111111111111111111111100111 E
b11001 G
b1 3
b1011011000 A
b11001 ?
b10011111111111111111111111111111111111111111111111111111111100111 9
b11001 8
b1101 >
b11000 =
b110 0
b11111111111111111111111111111111111111111111111111111111100111 /
b11001 .
b11001 @
1!
#560000
0!
#565000
b100110 ;
b100110 C
b1011100101 B
b0 -
b1001 ,
b111111111111111111111111111111111111111111111111111111111100011 +
b100101111111111111111111111111111111111111111111111111111111111000110100000000000000000000000000000000000000000000000000000000001010 I
b11000111111111111111111111111111111111111111111111111111111111100000011111111111111111111111111111111111111111111111111111111111101 H
b11 F
b11111111111111111111111111111111111111111111111111111111110011 E
b1101 G
b1011100101 A
b0 ?
b1 3
b10011111111111111111111111111111111111111111111111111111111110011 9
b1101 8
b0 >
b100101 =
b11 0
b11111111111111111111111111111111111111111111111111111111110011 /
b1101 .
b1101 @
1!
#570000
0!
#575000
b1011111110 B
b110 -
b11111111111111111111111111111111111111111111111111111111110000 ,
b111111111111111111111111111111111111111111111111111111111111100 +
b11000111111111111111111111111111111111111111111111111111111111100000111111111111111111111111111111111111111111111111111111111111100 I
b10010111111111111111111111111111111111111111111111111111111111100011 H
b110 F
b11111111111111111111111111111111111111111111111111111111100111 E
b11001 G
b1011111110 A
b11001 ?
b1 3
b10011111111111111111111111111111111111111111111111111111111100111 9
b11001 8
b1110 >
b11000 =
b110 0
b11111111111111111111111111111111111111111111111111111111100111 /
b11001 .
b11001 @
1!
#580000
0!
#585000
b100111 ;
b100111 C
b1100001100 B
b0 -
b1001 ,
b1011111111111111111111111111111111111111111111111111111111100010 +
b100110111111111111111111111111111111111111111111111111111111111000101000000000000000000000000000000000000000000000000000000000001010 I
b11000111111111111111111111111111111111111111111111111111111111100000111111111111111111111111111111111111111111111111111111111111100 H
b11 F
b111111111111111111111111111111111111111111111111111111111110010 E
b1110 G
b1100001100 A
b0 ?
b0 3
b111111111111111111111111111111111111111111111111111111111110010 9
b1110 8
b0 >
b100110 =
b11 0
b111111111111111111111111111111111111111111111111111111111110010 /
b1110 .
b1110 @
1!
#590000
0!
#595000
b1100100101 B
b110 -
b11111111111111111111111111111111111111111111111111111111110000 ,
b1011111111111111111111111111111111111111111111111111111111111011 +
b11000111111111111111111111111111111111111111111111111111111111100001011111111111111111111111111111111111111111111111111111111111011 I
b10011011111111111111111111111111111111111111111111111111111111100010 H
b110 F
b11111111111111111111111111111111111111111111111111111111100111 E
b11001 G
b1 3
b1100100101 A
b11001 ?
b10011111111111111111111111111111111111111111111111111111111100111 9
b11001 8
b1111 >
b11000 =
b110 0
b11111111111111111111111111111111111111111111111111111111100111 /
b11001 .
b11001 @
1!
#600000
0!
#605000
b101000 ;
b101000 C
b1100110100 B
b0 -
b1001 ,
b1111111111111111111111111111111111111111111111111111111111100001 +
b100111111111111111111111111111111111111111111111111111111111111000011100000000000000000000000000000000000000000000000000000000001010 I
b11000111111111111111111111111111111111111111111111111111111111100001011111111111111111111111111111111111111111111111111111111111011 H
b11 F
b1011111111111111111111111111111111111111111111111111111111110001 E
b1111 G
b1100110100 A
b0 ?
b0 3
b1011111111111111111111111111111111111111111111111111111111110001 9
b1111 8
b0 >
b100111 =
b11 0
b1011111111111111111111111111111111111111111111111111111111110001 /
b1111 .
b1111 @
1!
#610000
0!
#615000
b1101001101 B
b110 -
b11111111111111111111111111111111111111111111111111111111110000 ,
b1111111111111111111111111111111111111111111111111111111111111010 +
b11000111111111111111111111111111111111111111111111111111111111100001111111111111111111111111111111111111111111111111111111111111010 I
b10011111111111111111111111111111111111111111111111111111111111100001 H
b110 F
b11111111111111111111111111111111111111111111111111111111100111 E
b11001 G
b1 3
b1101001101 A
b11001 ?
b10011111111111111111111111111111111111111111111111111111111100111 9
b11001 8
b10000 >
b11000 =
b110 0
b11111111111111111111111111111111111111111111111111111111100111 /
b11001 .
b11001 @
1!
#620000
0!
#625000
b101001 ;
b101001 C
b1101011101 B
b0 -
b1010 ,
b11111111111111111111111111111111111111111111111111111111100001 +
b101000111111111111111111111111111111111111111111111111111111111000010000000000000000000000000000000000000000000000000000000000001010 I
b11000111111111111111111111111111111111111111111111111111111111100001111111111111111111111111111111111111111111111111111111111111010 H
b11 F
b1111111111111111111111111111111111111111111111111111111111110000 E
b10000 G
b1101011101 A
b0 ?
b0 3
b1111111111111111111111111111111111111111111111111111111111110000 9
b10000 8
b0 >
b101000 =
b11 0
b1111111111111111111111111111111111111111111111111111111111110000 /
b10000 .
b10000 @
1!
#630000
0!
#635000
b1101110110 B
b110 -
b11111111111111111111111111111111111111111111111111111111110001 ,
b11111111111111111111111111111111111111111111111111111111111010 +
b11000111111111111111111111111111111111111111111111111111111111100010011111111111111111111111111111111111111111111111111111111111010 I
b10100011111111111111111111111111111111111111111111111111111111100001 H
b110 F
b11111111111111111111111111111111111111111111111111111111100111 E
b11001 G
b1 3
b1101110110 A
b11001 ?
b10011111111111111111111111111111111111111111111111111111111100111 9
b11001 8
b10001 >
b11000 =
b110 0
b11111111111111111111111111111111111111111111111111111111100111 /
b11001 .
b11001 @
1!
#640000
0!
#645000
b101010 ;
b101010 C
b1110000111 B
b0 -
b1010 ,
b111111111111111111111111111111111111111111111111111111111100000 +
b101001111111111111111111111111111111111111111111111111111111111000000100000000000000000000000000000000000000000000000000000000001011 I
b11000111111111111111111111111111111111111111111111111111111111100010011111111111111111111111111111111111111111111111111111111111010 H
b100 F
b11111111111111111111111111111111111111111111111111111111101111 E
b10001 G
b1110000111 A
b0 ?
b1 3
b10011111111111111111111111111111111111111111111111111111111101111 9
b10001 8
b0 >
b101001 =
b100 0
b11111111111111111111111111111111111111111111111111111111101111 /
b10001 .
b10001 @
1!
#650000
0!
#655000
b1110100000 B
b110 -
b11111111111111111111111111111111111111111111111111111111110001 ,
b111111111111111111111111111111111111111111111111111111111111001 +
b11000111111111111111111111111111111111111111111111111111111111100010111111111111111111111111111111111111111111111111111111111111001 I
b10100111111111111111111111111111111111111111111111111111111111100000 H
b110 F
b11111111111111111111111111111111111111111111111111111111100111 E
b11001 G
b1110100000 A
b11001 ?
b1 3
b10011111111111111111111111111111111111111111111111111111111100111 9
b11001 8
b10010 >
b11000 =
b110 0
b11111111111111111111111111111111111111111111111111111111100111 /
b11001 .
b11001 @
1!
#660000
0!
#665000
b101011 ;
b101011 C
b1110110010 B
b0 -
b1010 ,
b1011111111111111111111111111111111111111111111111111111111011111 +
b101010111111111111111111111111111111111111111111111111111111110111111000000000000000000000000000000000000000000000000000000000001011 I
b11000111111111111111111111111111111111111111111111111111111111100010111111111111111111111111111111111111111111111111111111111111001 H
b100 F
b111111111111111111111111111111111111111111111111111111111101110 E
b10010 G
b1110110010 A
b0 ?
b0 3
b111111111111111111111111111111111111111111111111111111111101110 9
b10010 8
b0 >
b101010 =
b100 0
b111111111111111111111111111111111111111111111111111111111101110 /
b10010 .
b10010 @
1!
#670000
0!
#675000
b1111001011 B
b110 -
b11111111111111111111111111111111111111111111111111111111110001 ,
b1011111111111111111111111111111111111111111111111111111111111000 +
b11000111111111111111111111111111111111111111111111111111111111100011011111111111111111111111111111111111111111111111111111111111000 I
b10101011111111111111111111111111111111111111111111111111111111011111 H
b110 F
b11111111111111111111111111111111111111111111111111111111100111 E
b11001 G
b1 3
b1111001011 A
b11001 ?
b10011111111111111111111111111111111111111111111111111111111100111 9
b11001 8
b10011 >
b11000 =
b110 0
b11111111111111111111111111111111111111111111111111111111100111 /
b11001 .
b11001 @
1!
#680000
0!
#685000
b101100 ;
b101100 C
b1111011110 B
b0 -
b1010 ,
b1111111111111111111111111111111111111111111111111111111111011110 +
b101011111111111111111111111111111111111111111111111111111111110111101100000000000000000000000000000000000000000000000000000000001011 I
b11000111111111111111111111111111111111111111111111111111111111100011011111111111111111111111111111111111111111111111111111111111000 H
b100 F
b1011111111111111111111111111111111111111111111111111111111101101 E
b10011 G
b1111011110 A
b0 ?
b0 3
b1011111111111111111111111111111111111111111111111111111111101101 9
b10011 8
b0 >
b101011 =
b100 0
b1011111111111111111111111111111111111111111111111111111111101101 /
b10011 .
b10011 @
1!
#690000
0!
#695000
b1111110111 B
b110 -
b11111111111111111111111111111111111111111111111111111111110001 ,
b1111111111111111111111111111111111111111111111111111111111110111 +
b11000111111111111111111111111111111111111111111111111111111111100011111111111111111111111111111111111111111111111111111111111110111 I
b10101111111111111111111111111111111111111111111111111111111111011110 H
b110 F
b11111111111111111111111111111111111111111111111111111111100111 E
b11001 G
b1 3
b1111110111 A
b11001 ?
b10011111111111111111111111111111111111111111111111111111111100111 9
b11001 8
b10100 >
b11000 =
b110 0
b11111111111111111111111111111111111111111111111111111111100111 /
b11001 .
b11001 @
1!
#700000
0!
#705000
b101101 ;
b101101 C
b10000001011 B
b0 -
b1011 ,
b11111111111111111111111111111111111111111111111111111111011110 +
b101100111111111111111111111111111111111111111111111111111111110111100000000000000000000000000000000000000000000000000000000000001011 I
b11000111111111111111111111111111111111111111111111111111111111100011111111111111111111111111111111111111111111111111111111111110111 H
b100 F
b1111111111111111111111111111111111111111111111111111111111101100 E
b10100 G
b10000001011 A
b0 ?
b0 3
b1111111111111111111111111111111111111111111111111111111111101100 9
b10100 8
b0 >
b101100 =
b100 0
b1111111111111111111111111111111111111111111111111111111111101100 /
b10100 .
b10100 @
1!
#710000
0!
#715000
b10000100100 B
b110 -
b11111111111111111111111111111111111111111111111111111111110010 ,
b11111111111111111111111111111111111111111111111111111111110111 +
b11000111111111111111111111111111111111111111111111111111111111100100011111111111111111111111111111111111111111111111111111111110111 I
b10110011111111111111111111111111111111111111111111111111111111011110 H
b110 F
b11111111111111111111111111111111111111111111111111111111100111 E
b11001 G
b1 3
b10000100100 A
b11001 ?
b10011111111111111111111111111111111111111111111111111111111100111 9
b11001 8
b10101 >
b11000 =
b110 0
b11111111111111111111111111111111111111111111111111111111100111 /
b11001 .
b11001 @
1!
#720000
0!
#725000
b101110 ;
b101110 C
b10000111001 B
b0 -
b1011 ,
b111111111111111111111111111111111111111111111111111111111011101 +
b101101111111111111111111111111111111111111111111111111111111110111010100000000000000000000000000000000000000000000000000000000001100 I
b11000111111111111111111111111111111111111111111111111111111111100100011111111111111111111111111111111111111111111111111111111110111 H
b101 F
b11111111111111111111111111111111111111111111111111111111101011 E
b10101 G
b10000111001 A
b0 ?
b1 3
b10011111111111111111111111111111111111111111111111111111111101011 9
b10101 8
b0 >
b101101 =
b101 0
b11111111111111111111111111111111111111111111111111111111101011 /
b10101 .
b10101 @
1!
#730000
0!
#735000
b10001010010 B
b110 -
b11111111111111111111111111111111111111111111111111111111110010 ,
b111111111111111111111111111111111111111111111111111111111110110 +
b11000111111111111111111111111111111111111111111111111111111111100100111111111111111111111111111111111111111111111111111111111110110 I
b10110111111111111111111111111111111111111111111111111111111111011101 H
b110 F
b11111111111111111111111111111111111111111111111111111111100111 E
b11001 G
b10001010010 A
b11001 ?
b1 3
b10011111111111111111111111111111111111111111111111111111111100111 9
b11001 8
b10110 >
b11000 =
b110 0
b11111111111111111111111111111111111111111111111111111111100111 /
b11001 .
b11001 @
1!
#740000
0!
#745000
b101111 ;
b101111 C
b10001101000 B
b0 -
b1011 ,
b1011111111111111111111111111111111111111111111111111111111011100 +
b101110111111111111111111111111111111111111111111111111111111110111001000000000000000000000000000000000000000000000000000000000001100 I
b11000111111111111111111111111111111111111111111111111111111111100100111111111111111111111111111111111111111111111111111111111110110 H
b101 F
b111111111111111111111111111111111111111111111111111111111101010 E
b10110 G
b10001101000 A
b0 ?
b0 3
b111111111111111111111111111111111111111111111111111111111101010 9
b10110 8
b0 >
b101110 =
b101 0
b111111111111111111111111111111111111111111111111111111111101010 /
b10110 .
b10110 @
1!
#750000
0!
#755000
b10010000001 B
b110 -
b11111111111111111111111111111111111111111111111111111111110010 ,
b1011111111111111111111111111111111111111111111111111111111110101 +
b11000111111111111111111111111111111111111111111111111111111111100101011111111111111111111111111111111111111111111111111111111110101 I
b10111011111111111111111111111111111111111111111111111111111111011100 H
b110 F
b11111111111111111111111111111111111111111111111111111111100111 E
b11001 G
b1 3
b10010000001 A
b11001 ?
b10011111111111111111111111111111111111111111111111111111111100111 9
b11001 8
b10111 >
b11000 =
b110 0
b11111111111111111111111111111111111111111111111111111111100111 /
b11001 .
b11001 @
1!
#760000
0!
#765000
b110000 ;
b110000 C
b10010011000 B
b0 -
b1011 ,
b1111111111111111111111111111111111111111111111111111111111011011 +
b101111111111111111111111111111111111111111111111111111111111110110111100000000000000000000000000000000000000000000000000000000001100 I
b11000111111111111111111111111111111111111111111111111111111111100101011111111111111111111111111111111111111111111111111111111110101 H
b101 F
b1011111111111111111111111111111111111111111111111111111111101001 E
b10111 G
b10010011000 A
b0 ?
b0 3
b1011111111111111111111111111111111111111111111111111111111101001 9
b10111 8
b0 >
b101111 =
b101 0
b1011111111111111111111111111111111111111111111111111111111101001 /
b10111 .
b10111 @
1!
#770000
0!
#775000
b10010110001 B
b110 -
b11111111111111111111111111111111111111111111111111111111110010 ,
b1111111111111111111111111111111111111111111111111111111111110100 +
b11000111111111111111111111111111111111111111111111111111111111100101111111111111111111111111111111111111111111111111111111111110100 I
b10111111111111111111111111111111111111111111111111111111111111011011 H
b110 F
b11111111111111111111111111111111111111111111111111111111100111 E
b11001 G
b1 3
b10010110001 A
b11001 ?
b10011111111111111111111111111111111111111111111111111111111100111 9
b11001 8
b11000 >
b11000 =
b110 0
b11111111111111111111111111111111111111111111111111111111100111 /
b11001 .
b11001 @
1!
#780000
0!
#785000
b110001 ;
b110001 C
b10011001001 B
b0 -
b1100 ,
b11111111111111111111111111111111111111111111111111111111011011 +
b110000111111111111111111111111111111111111111111111111111111110110110000000000000000000000000000000000000000000000000000000000001100 I
b11000111111111111111111111111111111111111111111111111111111111100101111111111111111111111111111111111111111111111111111111111110100 H
b101 F
b1111111111111111111111111111111111111111111111111111111111101000 E
b11000 G
b10011001001 A
b0 ?
b0 3
b1111111111111111111111111111111111111111111111111111111111101000 9
b11000 8
b0 >
b110000 =
b101 0
b1111111111111111111111111111111111111111111111111111111111101000 /
b11000 .
b11000 @
1!
#790000
0!
#795000
b10011100010 B
b110 -
b11111111111111111111111111111111111111111111111111111111110011 ,
b11111111111111111111111111111111111111111111111111111111110100 +
b11000111111111111111111111111111111111111111111111111111111111100110011111111111111111111111111111111111111111111111111111111110100 I
b11000011111111111111111111111111111111111111111111111111111111011011 H
b110 F
b11111111111111111111111111111111111111111111111111111111100111 E
b11001 G
b1 3
b10011100010 A
b11001 ?
b10011111111111111111111111111111111111111111111111111111111100111 9
b11001 8
b11001 >
b11000 =
b110 0
b11111111111111111111111111111111111111111111111111111111100111 /
b11001 .
b11001 @
1!
#800000
0!
#805000
b110010 ;
b110010 C
b10011111011 B
b0 -
b1100 ,
b111111111111111111111111111111111111111111111111111111111011010 +
b110001111111111111111111111111111111111111111111111111111111110110100100000000000000000000000000000000000000000000000000000000001101 I
b11000111111111111111111111111111111111111111111111111111111111100110011111111111111111111111111111111111111111111111111111111110100 H
b10011111011 A
b0 ?
b1 3
b10011111111111111111111111111111111111111111111111111111111100111 9
b11001 8
b0 >
b110001 =
b110 0
b11111111111111111111111111111111111111111111111111111111100111 /
b11001 .
b11001 @
1!
#810000
0!
#815000
b10100010100 B
b110 -
b11111111111111111111111111111111111111111111111111111111110011 ,
b111111111111111111111111111111111111111111111111111111111110011 +
b11000111111111111111111111111111111111111111111111111111111111100110111111111111111111111111111111111111111111111111111111111110011 I
b11000111111111111111111111111111111111111111111111111111111111011010 H
b10100010100 A
b11001 ?
b1 3
b10011111111111111111111111111111111111111111111111111111111100111 9
b11001 8
b11010 >
b11000 =
b110 0
b11111111111111111111111111111111111111111111111111111111100111 /
b11001 .
b11001 @
1!
#820000
0!
#825000
b10100101101 B
b1100 -
b111111111111111111111111111111111111111111111111111111111011010 ,
b1000000000000000000000000000000000000000000000000000000000001100 +
b110001111111111111111111111111111111111111111111111111111111110110101000000000000000000000000000000000000000000000000000000000001100 I
b11000111111111111111111111111111111111111111111111111111111111100110111111111111111111111111111111111111111111111111111111111110011 H
b10100101101 A
b110010 ?
b1 3
b10011111111111111111111111111111111111111111111111111111111100111 9
b11001 8
b1 >
b110001 =
b110 0
b11111111111111111111111111111111111111111111111111111111100111 /
b11001 .
b11001 @
1!
#830000
0!
#835000
b110011 ;
b110011 C
b0 -
b10100101110 B
b1100 ,
b1011111111111111111111111111111111111111111111111111111111011001 +
b110010111111111111111111111111111111111111111111111111111111110110011000000000000000000000000000000000000000000000000000000000001101 I
b110001111111111111111111111111111111111111111111111111111111110110101000000000000000000000000000000000000000000000000000000000001100 H
b0 F
b11111111111111111111111111111111111111111111111111111111111111 E
b1 G
b10100101110 A
b0 ?
b0 3
b11111111111111111111111111111111111111111111111111111111111111 9
b1 8
b0 >
b110010 =
b0 0
b11111111111111111111111111111111111111111111111111111111111111 /
b1 .
b1 @
1!
#840000
0!
#845000
b10101000111 B
b110 -
b11111111111111111111111111111111111111111111111111111111110011 ,
b1011111111111111111111111111111111111111111111111111111111110010 +
b11000111111111111111111111111111111111111111111111111111111111100111011111111111111111111111111111111111111111111111111111111110010 I
b11001011111111111111111111111111111111111111111111111111111111011001 H
b110 F
b11111111111111111111111111111111111111111111111111111111100111 E
b11001 G
b110 0
b1 3
b10011111111111111111111111111111111111111111111111111111111100111 9
b11001 8
b10101000111 A
b11001 ?
b11011 >
b11000 =
b11111111111111111111111111111111111111111111111111111111100111 /
b11001 .
b11001 @
1!
#850000
0!
#855000
b10101100000 B
b1100 -
b111111111111111111111111111111111111111111111111111111111011010 ,
b1100000000000000000000000000000000000000000000000000000000001011 +
b110001111111111111111111111111111111111111111111111111111111110110101100000000000000000000000000000000000000000000000000000000001011 I
b11000111111111111111111111111111111111111111111111111111111111100111011111111111111111111111111111111111111111111111111111111110010 H
b10101100000 A
b110010 ?
b1 3
b10011111111111111111111111111111111111111111111111111111111100111 9
b11001 8
b10 >
b110001 =
b110 0
b11111111111111111111111111111111111111111111111111111111100111 /
b11001 .
b11001 @
1!
#860000
0!
#865000
b110100 ;
b110100 C
b0 -
b10101100010 B
b1100 ,
b1111111111111111111111111111111111111111111111111111111111011000 +
b110011111111111111111111111111111111111111111111111111111111110110001100000000000000000000000000000000000000000000000000000000001101 I
b110001111111111111111111111111111111111111111111111111111111110110101100000000000000000000000000000000000000000000000000000000001011 H
b0 F
b111111111111111111111111111111111111111111111111111111111111110 E
b10 G
b10101100010 A
b0 ?
b0 3
b111111111111111111111111111111111111111111111111111111111111110 9
b10 8
b0 >
b110011 =
b0 0
b111111111111111111111111111111111111111111111111111111111111110 /
b10 .
b10 @
1!
#870000
0!
#875000
b10101111011 B
b110 -
b11111111111111111111111111111111111111111111111111111111110011 ,
b1111111111111111111111111111111111111111111111111111111111110001 +
b11000111111111111111111111111111111111111111111111111111111111100111111111111111111111111111111111111111111111111111111111111110001 I
b11001111111111111111111111111111111111111111111111111111111111011000 H
b110 F
b11111111111111111111111111111111111111111111111111111111100111 E
b11001 G
b110 0
b1 3
b10101111011 A
b11001 ?
b10011111111111111111111111111111111111111111111111111111111100111 9
b11001 8
b11100 >
b11000 =
b11111111111111111111111111111111111111111111111111111111100111 /
b11001 .
b11001 @
1!
#880000
0!
#885000
b10110010100 B
b1100 -
b111111111111111111111111111111111111111111111111111111111011011 ,
b1010 +
b110001111111111111111111111111111111111111111111111111111111110110110000000000000000000000000000000000000000000000000000000000001010 I
b11000111111111111111111111111111111111111111111111111111111111100111111111111111111111111111111111111111111111111111111111111110001 H
b10110010100 A
b110010 ?
b1 3
b10011111111111111111111111111111111111111111111111111111111100111 9
b11001 8
b11 >
b110001 =
b110 0
b11111111111111111111111111111111111111111111111111111111100111 /
b11001 .
b11001 @
1!
#890000
0!
#895000
b110101 ;
b110101 C
b10110010111 B
b0 -
b1101 ,
b11111111111111111111111111111111111111111111111111111111011000 +
b110100111111111111111111111111111111111111111111111111111111110110000000000000000000000000000000000000000000000000000000000000001101 I
b110001111111111111111111111111111111111111111111111111111111110110110000000000000000000000000000000000000000000000000000000000001010 H
b0 F
b1011111111111111111111111111111111111111111111111111111111111101 E
b11 G
b10110010111 A
b0 ?
b0 3
b1011111111111111111111111111111111111111111111111111111111111101 9
b11 8
b0 >
b110100 =
b0 0
b1011111111111111111111111111111111111111111111111111111111111101 /
b11 .
b11 @
1!
#900000
0!
#905000
b10110110000 B
b110 -
b11111111111111111111111111111111111111111111111111111111110100 ,
b11111111111111111111111111111111111111111111111111111111110001 +
b11000111111111111111111111111111111111111111111111111111111111101000011111111111111111111111111111111111111111111111111111111110001 I
b11010011111111111111111111111111111111111111111111111111111111011000 H
b110 F
b11111111111111111111111111111111111111111111111111111111100111 E
b11001 G
b110 0
b1 3
b10110110000 A
b11001 ?
b10011111111111111111111111111111111111111111111111111111111100111 9
b11001 8
b11101 >
b11000 =
b11111111111111111111111111111111111111111111111111111111100111 /
b11001 .
b11001 @
1!
#910000
0!
#915000
b10111001001 B
b1100 -
b111111111111111111111111111111111111111111111111111111111011011 ,
b100000000000000000000000000000000000000000000000000000000001010 +
b110001111111111111111111111111111111111111111111111111111111110110110100000000000000000000000000000000000000000000000000000000001010 I
b11000111111111111111111111111111111111111111111111111111111111101000011111111111111111111111111111111111111111111111111111111110001 H
b10111001001 A
b110010 ?
b1 3
b10011111111111111111111111111111111111111111111111111111111100111 9
b11001 8
b100 >
b110001 =
b110 0
b11111111111111111111111111111111111111111111111111111111100111 /
b11001 .
b11001 @
1!
#920000
0!
#925000
b110110 ;
b110110 C
b10111001101 B
b0 -
b1101 ,
b111111111111111111111111111111111111111111111111111111111010111 +
b110101111111111111111111111111111111111111111111111111111111110101110100000000000000000000000000000000000000000000000000000000001110 I
b110001111111111111111111111111111111111111111111111111111111110110110100000000000000000000000000000000000000000000000000000000001010 H
b0 F
b1111111111111111111111111111111111111111111111111111111111111100 E
b100 G
b10111001101 A
b0 ?
b0 3
b1111111111111111111111111111111111111111111111111111111111111100 9
b100 8
b0 >
b110101 =
b0 0
b1111111111111111111111111111111111111111111111111111111111111100 /
b100 .
b100 @
1!
#930000
0!
#935000
b10111100110 B
b110 -
b11111111111111111111111111111111111111111111111111111111110100 ,
b111111111111111111111111111111111111111111111111111111111110000 +
b11000111111111111111111111111111111111111111111111111111111111101000111111111111111111111111111111111111111111111111111111111110000 I
b11010111111111111111111111111111111111111111111111111111111111010111 H
b110 F
b11111111111111111111111111111111111111111111111111111111100111 E
b11001 G
b110 0
b1 3
b10111100110 A
b11001 ?
b10011111111111111111111111111111111111111111111111111111111100111 9
b11001 8
b11110 >
b11000 =
b11111111111111111111111111111111111111111111111111111111100111 /
b11001 .
b11001 @
1!
#940000
0!
#945000
b10111111111 B
b1100 -
b111111111111111111111111111111111111111111111111111111111011011 ,
b1000000000000000000000000000000000000000000000000000000000001001 +
b110001111111111111111111111111111111111111111111111111111111110110111000000000000000000000000000000000000000000000000000000000001001 I
b11000111111111111111111111111111111111111111111111111111111111101000111111111111111111111111111111111111111111111111111111111110000 H
b10111111111 A
b110010 ?
b1 3
b10011111111111111111111111111111111111111111111111111111111100111 9
b11001 8
b101 >
b110001 =
b110 0
b11111111111111111111111111111111111111111111111111111111100111 /
b11001 .
b11001 @
1!
#950000
0!
#955000
b110111 ;
b110111 C
b11000000100 B
b0 -
b1101 ,
b1011111111111111111111111111111111111111111111111111111111010110 +
b110110111111111111111111111111111111111111111111111111111111110101101000000000000000000000000000000000000000000000000000000000001110 I
b110001111111111111111111111111111111111111111111111111111111110110111000000000000000000000000000000000000000000000000000000000001001 H
b1 F
b11111111111111111111111111111111111111111111111111111111111011 E
b101 G
b11000000100 A
b0 ?
b1 3
b10011111111111111111111111111111111111111111111111111111111111011 9
b101 8
b0 >
b110110 =
b1 0
b11111111111111111111111111111111111111111111111111111111111011 /
b101 .
b101 @
1!
#960000
0!
#965000
b11000011101 B
b110 -
b11111111111111111111111111111111111111111111111111111111110100 ,
b1011111111111111111111111111111111111111111111111111111111101111 +
b11000111111111111111111111111111111111111111111111111111111111101001011111111111111111111111111111111111111111111111111111111101111 I
b11011011111111111111111111111111111111111111111111111111111111010110 H
b110 F
b11111111111111111111111111111111111111111111111111111111100111 E
b11001 G
b11000011101 A
b11001 ?
b1 3
b10011111111111111111111111111111111111111111111111111111111100111 9
b11001 8
b11111 >
b11000 =
b110 0
b11111111111111111111111111111111111111111111111111111111100111 /
b11001 .
b11001 @
1!
#970000
0!
#975000
b11000110110 B
b1100 -
b111111111111111111111111111111111111111111111111111111111011011 ,
b1100000000000000000000000000000000000000000000000000000000001000 +
b110001111111111111111111111111111111111111111111111111111111110110111100000000000000000000000000000000000000000000000000000000001000 I
b11000111111111111111111111111111111111111111111111111111111111101001011111111111111111111111111111111111111111111111111111111101111 H
b11000110110 A
b110010 ?
b1 3
b10011111111111111111111111111111111111111111111111111111111100111 9
b11001 8
b110 >
b110001 =
b110 0
b11111111111111111111111111111111111111111111111111111111100111 /
b11001 .
b11001 @
1!
#980000
0!
#985000
b111000 ;
b111000 C
b11000111100 B
b0 -
b1101 ,
b1111111111111111111111111111111111111111111111111111111111010101 +
b110111111111111111111111111111111111111111111111111111111111110101011100000000000000000000000000000000000000000000000000000000001110 I
b110001111111111111111111111111111111111111111111111111111111110110111100000000000000000000000000000000000000000000000000000000001000 H
b1 F
b111111111111111111111111111111111111111111111111111111111111010 E
b110 G
b11000111100 A
b0 ?
b0 3
b111111111111111111111111111111111111111111111111111111111111010 9
b110 8
b0 >
b110111 =
b1 0
b111111111111111111111111111111111111111111111111111111111111010 /
b110 .
b110 @
1!
#990000
0!
#995000
b11001010101 B
b110 -
b11111111111111111111111111111111111111111111111111111111110100 ,
b1111111111111111111111111111111111111111111111111111111111101110 +
b11000111111111111111111111111111111111111111111111111111111111101001111111111111111111111111111111111111111111111111111111111101110 I
b11011111111111111111111111111111111111111111111111111111111111010101 H
b110 F
b11111111111111111111111111111111111111111111111111111111100111 E
b11001 G
b1 3
b11001010101 A
b11001 ?
b10011111111111111111111111111111111111111111111111111111111100111 9
b11001 8
b100000 >
b11000 =
b110 0
b11111111111111111111111111111111111111111111111111111111100111 /
b11001 .
b11001 @
1!
#1000000
0!
#1005000
b11001101110 B
b1100 -
b111111111111111111111111111111111111111111111111111111111011100 ,
b111 +
b110001111111111111111111111111111111111111111111111111111111110111000000000000000000000000000000000000000000000000000000000000000111 I
b11000111111111111111111111111111111111111111111111111111111111101001111111111111111111111111111111111111111111111111111111111101110 H
b11001101110 A
b110010 ?
b1 3
b10011111111111111111111111111111111111111111111111111111111100111 9
b11001 8
b111 >
b110001 =
b110 0
b11111111111111111111111111111111111111111111111111111111100111 /
b11001 .
b11001 @
1!
#1010000
0!
#1015000
b111001 ;
b111001 C
b11001110101 B
b0 -
b1110 ,
b11111111111111111111111111111111111111111111111111111111010101 +
b111000111111111111111111111111111111111111111111111111111111110101010000000000000000000000000000000000000000000000000000000000001110 I
b110001111111111111111111111111111111111111111111111111111111110111000000000000000000000000000000000000000000000000000000000000000111 H
b1 F
b1011111111111111111111111111111111111111111111111111111111111001 E
b111 G
b11001110101 A
b0 ?
b0 3
b1011111111111111111111111111111111111111111111111111111111111001 9
b111 8
b0 >
b111000 =
b1 0
b1011111111111111111111111111111111111111111111111111111111111001 /
b111 .
b111 @
1!
#1020000
0!
#1025000
b11010001110 B
b110 -
b11111111111111111111111111111111111111111111111111111111110101 ,
b11111111111111111111111111111111111111111111111111111111101110 +
b11000111111111111111111111111111111111111111111111111111111111101010011111111111111111111111111111111111111111111111111111111101110 I
b11100011111111111111111111111111111111111111111111111111111111010101 H
b110 F
b11111111111111111111111111111111111111111111111111111111100111 E
b11001 G
b1 3
b11010001110 A
b11001 ?
b10011111111111111111111111111111111111111111111111111111111100111 9
b11001 8
b100001 >
b11000 =
b110 0
b11111111111111111111111111111111111111111111111111111111100111 /
b11001 .
b11001 @
1!
#1030000
0!
#1035000
b11010100111 B
b1100 -
b111111111111111111111111111111111111111111111111111111111011100 ,
b100000000000000000000000000000000000000000000000000000000000111 +
b110001111111111111111111111111111111111111111111111111111111110111000100000000000000000000000000000000000000000000000000000000000111 I
b11000111111111111111111111111111111111111111111111111111111111101010011111111111111111111111111111111111111111111111111111111101110 H
b11010100111 A
b110010 ?
b1 3
b10011111111111111111111111111111111111111111111111111111111100111 9
b11001 8
b1000 >
b110001 =
b110 0
b11111111111111111111111111111111111111111111111111111111100111 /
b11001 .
b11001 @
1!
#1040000
0!
#1045000
b111010 ;
b111010 C
b11010101111 B
b0 -
b1110 ,
b111111111111111111111111111111111111111111111111111111111010100 +
b111001111111111111111111111111111111111111111111111111111111110101000100000000000000000000000000000000000000000000000000000000001111 I
b110001111111111111111111111111111111111111111111111111111111110111000100000000000000000000000000000000000000000000000000000000000111 H
b1 F
b1111111111111111111111111111111111111111111111111111111111111000 E
b1000 G
b11010101111 A
b0 ?
b0 3
b1111111111111111111111111111111111111111111111111111111111111000 9
b1000 8
b0 >
b111001 =
b1 0
b1111111111111111111111111111111111111111111111111111111111111000 /
b1000 .
b1000 @
1!
#1050000
0!
#1055000
b11011001000 B
b110 -
b11111111111111111111111111111111111111111111111111111111110101 ,
b111111111111111111111111111111111111111111111111111111111101101 +
b11000111111111111111111111111111111111111111111111111111111111101010111111111111111111111111111111111111111111111111111111111101101 I
b11100111111111111111111111111111111111111111111111111111111111010100 H
b110 F
b11111111111111111111111111111111111111111111111111111111100111 E
b11001 G
b1 3
b11011001000 A
b11001 ?
b10011111111111111111111111111111111111111111111111111111111100111 9
b11001 8
b100010 >
b11000 =
b110 0
b11111111111111111111111111111111111111111111111111111111100111 /
b11001 .
b11001 @
1!
#1060000
0!
#1065000
b11011100001 B
b1100 -
b111111111111111111111111111111111111111111111111111111111011100 ,
b1000000000000000000000000000000000000000000000000000000000000110 +
b110001111111111111111111111111111111111111111111111111111111110111001000000000000000000000000000000000000000000000000000000000000110 I
b11000111111111111111111111111111111111111111111111111111111111101010111111111111111111111111111111111111111111111111111111111101101 H
b11011100001 A
b110010 ?
b1 3
b10011111111111111111111111111111111111111111111111111111111100111 9
b11001 8
b1001 >
b110001 =
b110 0
b11111111111111111111111111111111111111111111111111111111100111 /
b11001 .
b11001 @
1!
#1070000
0!
#1075000
b111011 ;
b111011 C
b11011101010 B
b0 -
b1110 ,
b1011111111111111111111111111111111111111111111111111111111010011 +
b111010111111111111111111111111111111111111111111111111111111110100111000000000000000000000000000000000000000000000000000000000001111 I
b110001111111111111111111111111111111111111111111111111111111110111001000000000000000000000000000000000000000000000000000000000000110 H
b10 F
b11111111111111111111111111111111111111111111111111111111110111 E
b1001 G
b11011101010 A
b0 ?
b1 3
b10011111111111111111111111111111111111111111111111111111111110111 9
b1001 8
b0 >
b111010 =
b10 0
b11111111111111111111111111111111111111111111111111111111110111 /
b1001 .
b1001 @
1!
#1080000
0!
#1085000
b11100000011 B
b110 -
b11111111111111111111111111111111111111111111111111111111110101 ,
b1011111111111111111111111111111111111111111111111111111111101100 +
b11000111111111111111111111111111111111111111111111111111111111101011011111111111111111111111111111111111111111111111111111111101100 I
b11101011111111111111111111111111111111111111111111111111111111010011 H
b110 F
b11111111111111111111111111111111111111111111111111111111100111 E
b11001 G
b11100000011 A
b11001 ?
b1 3
b10011111111111111111111111111111111111111111111111111111111100111 9
b11001 8
b100011 >
b11000 =
b110 0
b11111111111111111111111111111111111111111111111111111111100111 /
b11001 .
b11001 @
1!
#1090000
0!
#1095000
b11100011100 B
b1100 -
b111111111111111111111111111111111111111111111111111111111011100 ,
b1100000000000000000000000000000000000000000000000000000000000101 +
b110001111111111111111111111111111111111111111111111111111111110111001100000000000000000000000000000000000000000000000000000000000101 I
b11000111111111111111111111111111111111111111111111111111111111101011011111111111111111111111111111111111111111111111111111111101100 H
b11100011100 A
b110010 ?
b1 3
b10011111111111111111111111111111111111111111111111111111111100111 9
b11001 8
b1010 >
b110001 =
b110 0
b11111111111111111111111111111111111111111111111111111111100111 /
b11001 .
b11001 @
1!
#1100000
0!
#1105000
b111100 ;
b111100 C
b11100100110 B
b0 -
b1110 ,
b1111111111111111111111111111111111111111111111111111111111010010 +
b111011111111111111111111111111111111111111111111111111111111110100101100000000000000000000000000000000000000000000000000000000001111 I
b110001111111111111111111111111111111111111111111111111111111110111001100000000000000000000000000000000000000000000000000000000000101 H
b10 F
b111111111111111111111111111111111111111111111111111111111110110 E
b1010 G
b11100100110 A
b0 ?
b0 3
b111111111111111111111111111111111111111111111111111111111110110 9
b1010 8
b0 >
b111011 =
b10 0
b111111111111111111111111111111111111111111111111111111111110110 /
b1010 .
b1010 @
1!
#1110000
0!
#1115000
b11100111111 B
b110 -
b11111111111111111111111111111111111111111111111111111111110101 ,
b1111111111111111111111111111111111111111111111111111111111101011 +
b11000111111111111111111111111111111111111111111111111111111111101011111111111111111111111111111111111111111111111111111111111101011 I
b11101111111111111111111111111111111111111111111111111111111111010010 H
b110 F
b11111111111111111111111111111111111111111111111111111111100111 E
b11001 G
b1 3
b11100111111 A
b11001 ?
b10011111111111111111111111111111111111111111111111111111111100111 9
b11001 8
b100100 >
b11000 =
b110 0
b11111111111111111111111111111111111111111111111111111111100111 /
b11001 .
b11001 @
1!
#1120000
0!
#1125000
b11101011000 B
b1100 -
b111111111111111111111111111111111111111111111111111111111011101 ,
b100 +
b110001111111111111111111111111111111111111111111111111111111110111010000000000000000000000000000000000000000000000000000000000000100 I
b11000111111111111111111111111111111111111111111111111111111111101011111111111111111111111111111111111111111111111111111111111101011 H
b11101011000 A
b110010 ?
b1 3
b10011111111111111111111111111111111111111111111111111111111100111 9
b11001 8
b1011 >
b110001 =
b110 0
b11111111111111111111111111111111111111111111111111111111100111 /
b11001 .
b11001 @
1!
#1130000
0!
#1135000
b111101 ;
b111101 C
b11101100011 B
b0 -
b1111 ,
b11111111111111111111111111111111111111111111111111111111010010 +
b111100111111111111111111111111111111111111111111111111111111110100100000000000000000000000000000000000000000000000000000000000001111 I
b110001111111111111111111111111111111111111111111111111111111110111010000000000000000000000000000000000000000000000000000000000000100 H
b10 F
b1011111111111111111111111111111111111111111111111111111111110101 E
b1011 G
b11101100011 A
b0 ?
b0 3
b1011111111111111111111111111111111111111111111111111111111110101 9
b1011 8
b0 >
b111100 =
b10 0
b1011111111111111111111111111111111111111111111111111111111110101 /
b1011 .
b1011 @
1!
#1140000
0!
#1145000
b11101111100 B
b110 -
b11111111111111111111111111111111111111111111111111111111110110 ,
b11111111111111111111111111111111111111111111111111111111101011 +
b11000111111111111111111111111111111111111111111111111111111111101100011111111111111111111111111111111111111111111111111111111101011 I
b11110011111111111111111111111111111111111111111111111111111111010010 H
b110 F
b11111111111111111111111111111111111111111111111111111111100111 E
b11001 G
b1 3
b11101111100 A
b11001 ?
b10011111111111111111111111111111111111111111111111111111111100111 9
b11001 8
b100101 >
b11000 =
b110 0
b11111111111111111111111111111111111111111111111111111111100111 /
b11001 .
b11001 @
1!
#1150000
0!
#1155000
b11110010101 B
b1100 -
b111111111111111111111111111111111111111111111111111111111011101 ,
b100000000000000000000000000000000000000000000000000000000000100 +
b110001111111111111111111111111111111111111111111111111111111110111010100000000000000000000000000000000000000000000000000000000000100 I
b11000111111111111111111111111111111111111111111111111111111111101100011111111111111111111111111111111111111111111111111111111101011 H
b11110010101 A
b110010 ?
b1 3
b10011111111111111111111111111111111111111111111111111111111100111 9
b11001 8
b1100 >
b110001 =
b110 0
b11111111111111111111111111111111111111111111111111111111100111 /
b11001 .
b11001 @
1!
#1160000
0!
#1165000
b111110 ;
b111110 C
b11110100001 B
b0 -
b1111 ,
b111111111111111111111111111111111111111111111111111111111010001 +
b111101111111111111111111111111111111111111111111111111111111110100010100000000000000000000000000000000000000000000000000000000010000 I
b110001111111111111111111111111111111111111111111111111111111110111010100000000000000000000000000000000000000000000000000000000000100 H
b10 F
b1111111111111111111111111111111111111111111111111111111111110100 E
b1100 G
b11110100001 A
b0 ?
b0 3
b1111111111111111111111111111111111111111111111111111111111110100 9
b1100 8
b0 >
b111101 =
b10 0
b1111111111111111111111111111111111111111111111111111111111110100 /
b1100 .
b1100 @
1!
#1170000
0!
#1175000
b11110111010 B
b110 -
b11111111111111111111111111111111111111111111111111111111110110 ,
b111111111111111111111111111111111111111111111111111111111101010 +
b11000111111111111111111111111111111111111111111111111111111111101100111111111111111111111111111111111111111111111111111111111101010 I
b11110111111111111111111111111111111111111111111111111111111111010001 H
b110 F
b11111111111111111111111111111111111111111111111111111111100111 E
b11001 G
b1 3
b11110111010 A
b11001 ?
b10011111111111111111111111111111111111111111111111111111111100111 9
b11001 8
b100110 >
b11000 =
b110 0
b11111111111111111111111111111111111111111111111111111111100111 /
b11001 .
b11001 @
1!
#1180000
0!
#1185000
b11111010011 B
b1100 -
b111111111111111111111111111111111111111111111111111111111011101 ,
b1000000000000000000000000000000000000000000000000000000000000011 +
b110001111111111111111111111111111111111111111111111111111111110111011000000000000000000000000000000000000000000000000000000000000011 I
b11000111111111111111111111111111111111111111111111111111111111101100111111111111111111111111111111111111111111111111111111111101010 H
b11111010011 A
b110010 ?
b1 3
b10011111111111111111111111111111111111111111111111111111111100111 9
b11001 8
b1101 >
b110001 =
b110 0
b11111111111111111111111111111111111111111111111111111111100111 /
b11001 .
b11001 @
1!
#1190000
0!
#1195000
b111111 ;
b111111 C
b11111100000 B
b0 -
b1111 ,
b1011111111111111111111111111111111111111111111111111111111010000 +
b111110111111111111111111111111111111111111111111111111111111110100001000000000000000000000000000000000000000000000000000000000010000 I
b110001111111111111111111111111111111111111111111111111111111110111011000000000000000000000000000000000000000000000000000000000000011 H
b11 F
b11111111111111111111111111111111111111111111111111111111110011 E
b1101 G
b11111100000 A
b0 ?
b1 3
b10011111111111111111111111111111111111111111111111111111111110011 9
b1101 8
b0 >
b111110 =
b11 0
b11111111111111111111111111111111111111111111111111111111110011 /
b1101 .
b1101 @
1!
#1200000
0!
#1205000
b11111111001 B
b110 -
b11111111111111111111111111111111111111111111111111111111110110 ,
b1011111111111111111111111111111111111111111111111111111111101001 +
b11000111111111111111111111111111111111111111111111111111111111101101011111111111111111111111111111111111111111111111111111111101001 I
b11111011111111111111111111111111111111111111111111111111111111010000 H
b110 F
b11111111111111111111111111111111111111111111111111111111100111 E
b11001 G
b11111111001 A
b11001 ?
b1 3
b10011111111111111111111111111111111111111111111111111111111100111 9
b11001 8
b100111 >
b11000 =
b110 0
b11111111111111111111111111111111111111111111111111111111100111 /
b11001 .
b11001 @
1!
#1210000
0!
#1215000
b100000010010 B
b1100 -
b111111111111111111111111111111111111111111111111111111111011101 ,
b1100000000000000000000000000000000000000000000000000000000000010 +
b110001111111111111111111111111111111111111111111111111111111110111011100000000000000000000000000000000000000000000000000000000000010 I
b11000111111111111111111111111111111111111111111111111111111111101101011111111111111111111111111111111111111111111111111111111101001 H
b100000010010 A
b110010 ?
b1 3
b10011111111111111111111111111111111111111111111111111111111100111 9
b11001 8
b1110 >
b110001 =
b110 0
b11111111111111111111111111111111111111111111111111111111100111 /
b11001 .
b11001 @
1!
#1220000
0!
#1225000
b1 <
b1000000 C
b100000100000 B
b0 -
b1111 ,
b1111111111111111111111111111111111111111111111111111111111001111 +
b111111111111111111111111111111111111111111111111111111111111110011111100000000000000000000000000000000000000000000000000000000010000 I
b110001111111111111111111111111111111111111111111111111111111110111011100000000000000000000000000000000000000000000000000000000000010 H
b11 F
b111111111111111111111111111111111111111111111111111111111110010 E
b1110 G
b100000100000 A
b1 ?
b0 3
b111111111111111111111111111111111111111111111111111111111110010 9
b1110 8
b0 >
b111111 =
b11 0
b111111111111111111111111111111111111111111111111111111111110010 /
b1110 .
b1110 @
1!
#1230000
0!
#1235000
b100000111001 B
b110 -
b11111111111111111111111111111111111111111111111111111111110110 ,
b1111111111111111111111111111111111111111111111111111111111101000 +
b11000111111111111111111111111111111111111111111111111111111111101101111111111111111111111111111111111111111111111111111111111101000 I
b11111111111111111111111111111111111111111111111111111111111111001111 H
b110 F
b11111111111111111111111111111111111111111111111111111111100111 E
b11001 G
b1 3
b100000111001 A
b11010 ?
b10011111111111111111111111111111111111111111111111111111111100111 9
b11001 8
b100111 >
b11001 =
b110 0
b11111111111111111111111111111111111111111111111111111111100111 /
b11001 .
b11001 @
1!
#1240000
0!
#1245000
b100001010010 B
b1100 -
b111111111111111111111111111111111111111111111111111111111011110 ,
b1 +
b110001111111111111111111111111111111111111111111111111111111110111100000000000000000000000000000000000000000000000000000000000000001 I
b11000111111111111111111111111111111111111111111111111111111111101101111111111111111111111111111111111111111111111111111111111101000 H
b100001010010 A
b110011 ?
b1 3
b10011111111111111111111111111111111111111111111111111111111100111 9
b11001 8
b1110 >
b110010 =
b110 0
b11111111111111111111111111111111111111111111111111111111100111 /
b11001 .
b11001 @
1!
#1250000
0!
#1255000
b10 <
b1000001 C
b100001011111 B
b0 -
b1111 ,
b1011111111111111111111111111111111111111111111111111111111010001 +
b111110111111111111111111111111111111111111111111111111111111110100010000000000000000000000000000000000000000000000000000000000001110 I
b110001111111111111111111111111111111111111111111111111111111110111100000000000000000000000000000000000000000000000000000000000000001 H
b11 F
b11111111111111111111111111111111111111111111111111111111110011 E
b1101 G
b100001011111 A
b10 ?
b1 3
b10011111111111111111111111111111111111111111111111111111111110011 9
b1101 8
b1 >
b111111 =
b11 0
b11111111111111111111111111111111111111111111111111111111110011 /
b1101 .
b1101 @
1!
#1260000
0!
#1265000
b100001111000 B
b110 -
b11111111111111111111111111111111111111111111111111111111110110 ,
b1011111111111111111111111111111111111111111111111111111111101010 +
b11000111111111111111111111111111111111111111111111111111111111101101011111111111111111111111111111111111111111111111111111111101010 I
b11111011111111111111111111111111111111111111111111111111111111010001 H
b110 F
b11111111111111111111111111111111111111111111111111111111100111 E
b11001 G
b100001111000 A
b11011 ?
b1 3
b10011111111111111111111111111111111111111111111111111111111100111 9
b11001 8
b100111 >
b11010 =
b110 0
b11111111111111111111111111111111111111111111111111111111100111 /
b11001 .
b11001 @
1!
#1270000
0!
#1275000
b100010010001 B
b1100 -
b111111111111111111111111111111111111111111111111111111111011101 ,
b1100000000000000000000000000000000000000000000000000000000000011 +
b110001111111111111111111111111111111111111111111111111111111110111011100000000000000000000000000000000000000000000000000000000000011 I
b11000111111111111111111111111111111111111111111111111111111111101101011111111111111111111111111111111111111111111111111111111101010 H
b100010010001 A
b110100 ?
b1 3
b10011111111111111111111111111111111111111111111111111111111100111 9
b11001 8
b1110 >
b110011 =
b110 0
b11111111111111111111111111111111111111111111111111111111100111 /
b11001 .
b11001 @
1!
#1280000
0!
#1285000
b11 <
b1000010 C
b100010011101 B
b0 -
b1111 ,
b111111111111111111111111111111111111111111111111111111111010001 +
b111101111111111111111111111111111111111111111111111111111111110100011100000000000000000000000000000000000000000000000000000000001111 I
b110001111111111111111111111111111111111111111111111111111111110111011100000000000000000000000000000000000000000000000000000000000011 H
b10 F
b1111111111111111111111111111111111111111111111111111111111110100 E
b1100 G
b100010011101 A
b11 ?
b0 3
b1111111111111111111111111111111111111111111111111111111111110100 9
b1100 8
b10 >
b111111 =
b10 0
b1111111111111111111111111111111111111111111111111111111111110100 /
b1100 .
b1100 @
1!
#1290000
0!
#1295000
b100010110110 B
b110 -
b11111111111111111111111111111111111111111111111111111111110110 ,
b111111111111111111111111111111111111111111111111111111111101010 +
b11000111111111111111111111111111111111111111111111111111111111101100111111111111111111111111111111111111111111111111111111111101010 I
b11110111111111111111111111111111111111111111111111111111111111010001 H
b110 F
b11111111111111111111111111111111111111111111111111111111100111 E
b11001 G
b1 3
b100010110110 A
b11100 ?
b10011111111111111111111111111111111111111111111111111111111100111 9
b11001 8
b100111 >
b11011 =
b110 0
b11111111111111111111111111111111111111111111111111111111100111 /
b11001 .
b11001 @
1!
#1300000
0!
#1305000
b100011001111 B
b1100 -
b111111111111111111111111111111111111111111111111111111111011101 ,
b1000000000000000000000000000000000000000000000000000000000000011 +
b110001111111111111111111111111111111111111111111111111111111110111011000000000000000000000000000000000000000000000000000000000000011 I
b11000111111111111111111111111111111111111111111111111111111111101100111111111111111111111111111111111111111111111111111111111101010 H
b100011001111 A
b110101 ?
b1 3
b10011111111111111111111111111111111111111111111111111111111100111 9
b11001 8
b1110 >
b110100 =
b110 0
b11111111111111111111111111111111111111111111111111111111100111 /
b11001 .
b11001 @
1!
#1310000
0!
#1315000
b100 <
b1000011 C
b100011011010 B
b0 -
b1111 ,
b11111111111111111111111111111111111111111111111111111111010010 +
b111100111111111111111111111111111111111111111111111111111111110100101000000000000000000000000000000000000000000000000000000000001110 I
b110001111111111111111111111111111111111111111111111111111111110111011000000000000000000000000000000000000000000000000000000000000011 H
b10 F
b1011111111111111111111111111111111111111111111111111111111110101 E
b1011 G
b100011011010 A
b100 ?
b0 3
b1011111111111111111111111111111111111111111111111111111111110101 9
b1011 8
b11 >
b111111 =
b10 0
b1011111111111111111111111111111111111111111111111111111111110101 /
b1011 .
b1011 @
1!
#1320000
0!
#1325000
b100011110011 B
b110 -
b11111111111111111111111111111111111111111111111111111111110110 ,
b11111111111111111111111111111111111111111111111111111111101011 +
b11000111111111111111111111111111111111111111111111111111111111101100011111111111111111111111111111111111111111111111111111111101011 I
b11110011111111111111111111111111111111111111111111111111111111010010 H
b110 F
b11111111111111111111111111111111111111111111111111111111100111 E
b11001 G
b1 3
b100011110011 A
b11101 ?
b10011111111111111111111111111111111111111111111111111111111100111 9
b11001 8
b100111 >
b11100 =
b110 0
b11111111111111111111111111111111111111111111111111111111100111 /
b11001 .
b11001 @
1!
#1330000
0!
#1335000
b100100001100 B
b1100 -
b111111111111111111111111111111111111111111111111111111111011101 ,
b100000000000000000000000000000000000000000000000000000000000100 +
b110001111111111111111111111111111111111111111111111111111111110111010100000000000000000000000000000000000000000000000000000000000100 I
b11000111111111111111111111111111111111111111111111111111111111101100011111111111111111111111111111111111111111111111111111111101011 H
b100100001100 A
b110110 ?
b1 3
b10011111111111111111111111111111111111111111111111111111111100111 9
b11001 8
b1110 >
b110101 =
b110 0
b11111111111111111111111111111111111111111111111111111111100111 /
b11001 .
b11001 @
1!
#1340000
0!
#1345000
b101 <
b1000100 C
b100100010110 B
b0 -
b1110 ,
b1111111111111111111111111111111111111111111111111111111111010011 +
b111011111111111111111111111111111111111111111111111111111111110100110100000000000000000000000000000000000000000000000000000000001110 I
b110001111111111111111111111111111111111111111111111111111111110111010100000000000000000000000000000000000000000000000000000000000100 H
b10 F
b111111111111111111111111111111111111111111111111111111111110110 E
b1010 G
b100100010110 A
b101 ?
b0 3
b111111111111111111111111111111111111111111111111111111111110110 9
b1010 8
b100 >
b111111 =
b10 0
b111111111111111111111111111111111111111111111111111111111110110 /
b1010 .
b1010 @
1!
#1350000
0!
#1355000
b100100101111 B
b110 -
b11111111111111111111111111111111111111111111111111111111110101 ,
b1111111111111111111111111111111111111111111111111111111111101100 +
b11000111111111111111111111111111111111111111111111111111111111101011111111111111111111111111111111111111111111111111111111111101100 I
b11101111111111111111111111111111111111111111111111111111111111010011 H
b110 F
b11111111111111111111111111111111111111111111111111111111100111 E
b11001 G
b1 3
b100100101111 A
b11110 ?
b10011111111111111111111111111111111111111111111111111111111100111 9
b11001 8
b100111 >
b11101 =
b110 0
b11111111111111111111111111111111111111111111111111111111100111 /
b11001 .
b11001 @
1!
#1360000
0!
#1365000
b100101001000 B
b1100 -
b111111111111111111111111111111111111111111111111111111111011101 ,
b101 +
b110001111111111111111111111111111111111111111111111111111111110111010000000000000000000000000000000000000000000000000000000000000101 I
b11000111111111111111111111111111111111111111111111111111111111101011111111111111111111111111111111111111111111111111111111111101100 H
b100101001000 A
b110111 ?
b1 3
b10011111111111111111111111111111111111111111111111111111111100111 9
b11001 8
b1110 >
b110110 =
b110 0
b11111111111111111111111111111111111111111111111111111111100111 /
b11001 .
b11001 @
1!
#1370000
0!
#1375000
b110 <
b1000101 C
b100101010001 B
b0 -
b1110 ,
b1011111111111111111111111111111111111111111111111111111111010100 +
b111010111111111111111111111111111111111111111111111111111111110101000000000000000000000000000000000000000000000000000000000000001110 I
b110001111111111111111111111111111111111111111111111111111111110111010000000000000000000000000000000000000000000000000000000000000101 H
b10 F
b11111111111111111111111111111111111111111111111111111111110111 E
b1001 G
b100101010001 A
b110 ?
b1 3
b10011111111111111111111111111111111111111111111111111111111110111 9
b1001 8
b101 >
b111111 =
b10 0
b11111111111111111111111111111111111111111111111111111111110111 /
b1001 .
b1001 @
1!
#1380000
0!
#1385000
b100101101010 B
b110 -
b11111111111111111111111111111111111111111111111111111111110101 ,
b1011111111111111111111111111111111111111111111111111111111101101 +
b11000111111111111111111111111111111111111111111111111111111111101011011111111111111111111111111111111111111111111111111111111101101 I
b11101011111111111111111111111111111111111111111111111111111111010100 H
b110 F
b11111111111111111111111111111111111111111111111111111111100111 E
b11001 G
b100101101010 A
b11111 ?
b1 3
b10011111111111111111111111111111111111111111111111111111111100111 9
b11001 8
b100111 >
b11110 =
b110 0
b11111111111111111111111111111111111111111111111111111111100111 /
b11001 .
b11001 @
1!
#1390000
0!
#1395000
b100110000011 B
b1100 -
b111111111111111111111111111111111111111111111111111111111011100 ,
b1100000000000000000000000000000000000000000000000000000000000110 +
b110001111111111111111111111111111111111111111111111111111111110111001100000000000000000000000000000000000000000000000000000000000110 I
b11000111111111111111111111111111111111111111111111111111111111101011011111111111111111111111111111111111111111111111111111111101101 H
b100110000011 A
b111000 ?
b1 3
b10011111111111111111111111111111111111111111111111111111111100111 9
b11001 8
b1110 >
b110111 =
b110 0
b11111111111111111111111111111111111111111111111111111111100111 /
b11001 .
b11001 @
1!
#1400000
0!
#1405000
b111 <
b1000110 C
b100110001011 B
b0 -
b1110 ,
b111111111111111111111111111111111111111111111111111111111010100 +
b111001111111111111111111111111111111111111111111111111111111110101001100000000000000000000000000000000000000000000000000000000001110 I
b110001111111111111111111111111111111111111111111111111111111110111001100000000000000000000000000000000000000000000000000000000000110 H
b1 F
b1111111111111111111111111111111111111111111111111111111111111000 E
b1000 G
b100110001011 A
b111 ?
b0 3
b1111111111111111111111111111111111111111111111111111111111111000 9
b1000 8
b110 >
b111111 =
b1 0
b1111111111111111111111111111111111111111111111111111111111111000 /
b1000 .
b1000 @
1!
#1410000
0!
#1415000
b100110100100 B
b110 -
b11111111111111111111111111111111111111111111111111111111110101 ,
b111111111111111111111111111111111111111111111111111111111101101 +
b11000111111111111111111111111111111111111111111111111111111111101010111111111111111111111111111111111111111111111111111111111101101 I
b11100111111111111111111111111111111111111111111111111111111111010100 H
b110 F
b11111111111111111111111111111111111111111111111111111111100111 E
b11001 G
b1 3
b100110100100 A
b100000 ?
b10011111111111111111111111111111111111111111111111111111111100111 9
b11001 8
b100111 >
b11111 =
b110 0
b11111111111111111111111111111111111111111111111111111111100111 /
b11001 .
b11001 @
1!
#1420000
0!
#1425000
b100110111101 B
b1100 -
b111111111111111111111111111111111111111111111111111111111011100 ,
b1000000000000000000000000000000000000000000000000000000000000110 +
b110001111111111111111111111111111111111111111111111111111111110111001000000000000000000000000000000000000000000000000000000000000110 I
b11000111111111111111111111111111111111111111111111111111111111101010111111111111111111111111111111111111111111111111111111111101101 H
b100110111101 A
b111001 ?
b1 3
b10011111111111111111111111111111111111111111111111111111111100111 9
b11001 8
b1110 >
b111000 =
b110 0
b11111111111111111111111111111111111111111111111111111111100111 /
b11001 .
b11001 @
1!
#1430000
0!
#1435000
b1000 <
b1000111 C
b100111000100 B
b0 -
b1110 ,
b11111111111111111111111111111111111111111111111111111111010101 +
b111000111111111111111111111111111111111111111111111111111111110101011000000000000000000000000000000000000000000000000000000000001101 I
b110001111111111111111111111111111111111111111111111111111111110111001000000000000000000000000000000000000000000000000000000000000110 H
b1 F
b1011111111111111111111111111111111111111111111111111111111111001 E
b111 G
b100111000100 A
b1000 ?
b0 3
b1011111111111111111111111111111111111111111111111111111111111001 9
b111 8
b111 >
b111111 =
b1 0
b1011111111111111111111111111111111111111111111111111111111111001 /
b111 .
b111 @
1!
#1440000
0!
#1445000
b100111011101 B
b110 -
b11111111111111111111111111111111111111111111111111111111110101 ,
b11111111111111111111111111111111111111111111111111111111101110 +
b11000111111111111111111111111111111111111111111111111111111111101010011111111111111111111111111111111111111111111111111111111101110 I
b11100011111111111111111111111111111111111111111111111111111111010101 H
b110 F
b11111111111111111111111111111111111111111111111111111111100111 E
b11001 G
b1 3
b100111011101 A
b100001 ?
b10011111111111111111111111111111111111111111111111111111111100111 9
b11001 8
b100111 >
b100000 =
b110 0
b11111111111111111111111111111111111111111111111111111111100111 /
b11001 .
b11001 @
1!
#1450000
0!
#1455000
b100111110110 B
b1100 -
b111111111111111111111111111111111111111111111111111111111011100 ,
b100000000000000000000000000000000000000000000000000000000000111 +
b110001111111111111111111111111111111111111111111111111111111110111000100000000000000000000000000000000000000000000000000000000000111 I
b11000111111111111111111111111111111111111111111111111111111111101010011111111111111111111111111111111111111111111111111111111101110 H
b100111110110 A
b111010 ?
b1 3
b10011111111111111111111111111111111111111111111111111111111100111 9
b11001 8
b1110 >
b111001 =
b110 0
b11111111111111111111111111111111111111111111111111111111100111 /
b11001 .
b11001 @
1!
#1460000
0!
#1465000
b1001 <
b1001000 C
b100111111100 B
b0 -
b1101 ,
b1111111111111111111111111111111111111111111111111111111111010110 +
b110111111111111111111111111111111111111111111111111111111111110101100100000000000000000000000000000000000000000000000000000000001101 I
b110001111111111111111111111111111111111111111111111111111111110111000100000000000000000000000000000000000000000000000000000000000111 H
b1 F
b111111111111111111111111111111111111111111111111111111111111010 E
b110 G
b100111111100 A
b1001 ?
b0 3
b111111111111111111111111111111111111111111111111111111111111010 9
b110 8
b1000 >
b111111 =
b1 0
b111111111111111111111111111111111111111111111111111111111111010 /
b110 .
b110 @
1!
#1470000
0!
#1475000
b101000010101 B
b110 -
b11111111111111111111111111111111111111111111111111111111110100 ,
b1111111111111111111111111111111111111111111111111111111111101111 +
b11000111111111111111111111111111111111111111111111111111111111101001111111111111111111111111111111111111111111111111111111111101111 I
b11011111111111111111111111111111111111111111111111111111111111010110 H
b110 F
b11111111111111111111111111111111111111111111111111111111100111 E
b11001 G
b1 3
b101000010101 A
b100010 ?
b10011111111111111111111111111111111111111111111111111111111100111 9
b11001 8
b100111 >
b100001 =
b110 0
b11111111111111111111111111111111111111111111111111111111100111 /
b11001 .
b11001 @
1!
#1480000
0!
#1485000
b101000101110 B
b1100 -
b111111111111111111111111111111111111111111111111111111111011100 ,
b1000 +
b110001111111111111111111111111111111111111111111111111111111110111000000000000000000000000000000000000000000000000000000000000001000 I
b11000111111111111111111111111111111111111111111111111111111111101001111111111111111111111111111111111111111111111111111111111101111 H
b101000101110 A
b111011 ?
b1 3
b10011111111111111111111111111111111111111111111111111111111100111 9
b11001 8
b1110 >
b111010 =
b110 0
b11111111111111111111111111111111111111111111111111111111100111 /
b11001 .
b11001 @
1!
#1490000
0!
#1495000
b1010 <
b1001001 C
b101000110011 B
b0 -
b1101 ,
b1011111111111111111111111111111111111111111111111111111111010111 +
b110110111111111111111111111111111111111111111111111111111111110101110000000000000000000000000000000000000000000000000000000000001101 I
b110001111111111111111111111111111111111111111111111111111111110111000000000000000000000000000000000000000000000000000000000000001000 H
b1 F
b11111111111111111111111111111111111111111111111111111111111011 E
b101 G
b101000110011 A
b1010 ?
b1 3
b10011111111111111111111111111111111111111111111111111111111111011 9
b101 8
b1001 >
b111111 =
b1 0
b11111111111111111111111111111111111111111111111111111111111011 /
b101 .
b101 @
1!
#1500000
0!
#1505000
b101001001100 B
b110 -
b11111111111111111111111111111111111111111111111111111111110100 ,
b1011111111111111111111111111111111111111111111111111111111110000 +
b11000111111111111111111111111111111111111111111111111111111111101001011111111111111111111111111111111111111111111111111111111110000 I
b11011011111111111111111111111111111111111111111111111111111111010111 H
b110 F
b11111111111111111111111111111111111111111111111111111111100111 E
b11001 G
b101001001100 A
b100011 ?
b1 3
b10011111111111111111111111111111111111111111111111111111111100111 9
b11001 8
b100111 >
b100010 =
b110 0
b11111111111111111111111111111111111111111111111111111111100111 /
b11001 .
b11001 @
1!
#1510000
0!
#1515000
b101001100101 B
b1100 -
b111111111111111111111111111111111111111111111111111111111011011 ,
b1100000000000000000000000000000000000000000000000000000000001001 +
b110001111111111111111111111111111111111111111111111111111111110110111100000000000000000000000000000000000000000000000000000000001001 I
b11000111111111111111111111111111111111111111111111111111111111101001011111111111111111111111111111111111111111111111111111111110000 H
b101001100101 A
b111100 ?
b1 3
b10011111111111111111111111111111111111111111111111111111111100111 9
b11001 8
b1110 >
b111011 =
b110 0
b11111111111111111111111111111111111111111111111111111111100111 /
b11001 .
b11001 @
1!
#1520000
0!
#1525000
b1011 <
b1001010 C
b101001101001 B
b0 -
b1101 ,
b111111111111111111111111111111111111111111111111111111111010111 +
b110101111111111111111111111111111111111111111111111111111111110101111100000000000000000000000000000000000000000000000000000000001101 I
b110001111111111111111111111111111111111111111111111111111111110110111100000000000000000000000000000000000000000000000000000000001001 H
b0 F
b1111111111111111111111111111111111111111111111111111111111111100 E
b100 G
b101001101001 A
b1011 ?
b0 3
b1111111111111111111111111111111111111111111111111111111111111100 9
b100 8
b1010 >
b111111 =
b0 0
b1111111111111111111111111111111111111111111111111111111111111100 /
b100 .
b100 @
1!
#1530000
0!
#1535000
b101010000010 B
b110 -
b11111111111111111111111111111111111111111111111111111111110100 ,
b111111111111111111111111111111111111111111111111111111111110000 +
b11000111111111111111111111111111111111111111111111111111111111101000111111111111111111111111111111111111111111111111111111111110000 I
b11010111111111111111111111111111111111111111111111111111111111010111 H
b110 F
b11111111111111111111111111111111111111111111111111111111100111 E
b11001 G
b110 0
b1 3
b101010000010 A
b100100 ?
b10011111111111111111111111111111111111111111111111111111111100111 9
b11001 8
b100111 >
b100011 =
b11111111111111111111111111111111111111111111111111111111100111 /
b11001 .
b11001 @
1!
#1540000
0!
#1545000
b101010011011 B
b1100 -
b111111111111111111111111111111111111111111111111111111111011011 ,
b1000000000000000000000000000000000000000000000000000000000001001 +
b110001111111111111111111111111111111111111111111111111111111110110111000000000000000000000000000000000000000000000000000000000001001 I
b11000111111111111111111111111111111111111111111111111111111111101000111111111111111111111111111111111111111111111111111111111110000 H
b101010011011 A
b111101 ?
b1 3
b10011111111111111111111111111111111111111111111111111111111100111 9
b11001 8
b1110 >
b111100 =
b110 0
b11111111111111111111111111111111111111111111111111111111100111 /
b11001 .
b11001 @
1!
#1550000
0!
#1555000
b1100 <
b1001011 C
b101010011110 B
b0 -
b1101 ,
b11111111111111111111111111111111111111111111111111111111011000 +
b110100111111111111111111111111111111111111111111111111111111110110001000000000000000000000000000000000000000000000000000000000001100 I
b110001111111111111111111111111111111111111111111111111111111110110111000000000000000000000000000000000000000000000000000000000001001 H
b0 F
b1011111111111111111111111111111111111111111111111111111111111101 E
b11 G
b101010011110 A
b1100 ?
b0 3
b1011111111111111111111111111111111111111111111111111111111111101 9
b11 8
b1011 >
b111111 =
b0 0
b1011111111111111111111111111111111111111111111111111111111111101 /
b11 .
b11 @
1!
#1560000
0!
#1565000
b101010110111 B
b110 -
b11111111111111111111111111111111111111111111111111111111110100 ,
b11111111111111111111111111111111111111111111111111111111110001 +
b11000111111111111111111111111111111111111111111111111111111111101000011111111111111111111111111111111111111111111111111111111110001 I
b11010011111111111111111111111111111111111111111111111111111111011000 H
b110 F
b11111111111111111111111111111111111111111111111111111111100111 E
b11001 G
b110 0
b1 3
b101010110111 A
b100101 ?
b10011111111111111111111111111111111111111111111111111111111100111 9
b11001 8
b100111 >
b100100 =
b11111111111111111111111111111111111111111111111111111111100111 /
b11001 .
b11001 @
1!
#1570000
0!
#1575000
b101011010000 B
b1100 -
b111111111111111111111111111111111111111111111111111111111011011 ,
b100000000000000000000000000000000000000000000000000000000001010 +
b110001111111111111111111111111111111111111111111111111111111110110110100000000000000000000000000000000000000000000000000000000001010 I
b11000111111111111111111111111111111111111111111111111111111111101000011111111111111111111111111111111111111111111111111111111110001 H
b101011010000 A
b111110 ?
b1 3
b10011111111111111111111111111111111111111111111111111111111100111 9
b11001 8
b1110 >
b111101 =
b110 0
b11111111111111111111111111111111111111111111111111111111100111 /
b11001 .
b11001 @
1!
#1580000
0!
#1585000
b1101 <
b1001100 C
b0 -
b101011010010 B
b1100 ,
b1111111111111111111111111111111111111111111111111111111111011001 +
b110011111111111111111111111111111111111111111111111111111111110110010100000000000000000000000000000000000000000000000000000000001100 I
b110001111111111111111111111111111111111111111111111111111111110110110100000000000000000000000000000000000000000000000000000000001010 H
b0 F
b111111111111111111111111111111111111111111111111111111111111110 E
b10 G
b101011010010 A
b1101 ?
b0 3
b111111111111111111111111111111111111111111111111111111111111110 9
b10 8
b1100 >
b111111 =
b0 0
b111111111111111111111111111111111111111111111111111111111111110 /
b10 .
b10 @
1!
#1590000
0!
#1595000
b101011101011 B
b110 -
b11111111111111111111111111111111111111111111111111111111110011 ,
b1111111111111111111111111111111111111111111111111111111111110010 +
b11000111111111111111111111111111111111111111111111111111111111100111111111111111111111111111111111111111111111111111111111111110010 I
b11001111111111111111111111111111111111111111111111111111111111011001 H
b110 F
b11111111111111111111111111111111111111111111111111111111100111 E
b11001 G
b110 0
b1 3
b101011101011 A
b100110 ?
b10011111111111111111111111111111111111111111111111111111111100111 9
b11001 8
b100111 >
b100101 =
b11111111111111111111111111111111111111111111111111111111100111 /
b11001 .
b11001 @
1!
#1600000
0!
#1605000
b101100000100 B
b1100 -
b111111111111111111111111111111111111111111111111111111111011011 ,
b1011 +
b110001111111111111111111111111111111111111111111111111111111110110110000000000000000000000000000000000000000000000000000000000001011 I
b11000111111111111111111111111111111111111111111111111111111111100111111111111111111111111111111111111111111111111111111111111110010 H
b101100000100 A
b111111 ?
b1 3
b10011111111111111111111111111111111111111111111111111111111100111 9
b11001 8
b1110 >
b111110 =
b110 0
b11111111111111111111111111111111111111111111111111111111100111 /
b11001 .
b11001 @
1!
#1610000
0!
#1615000
b1110 <
b1001101 C
b0 -
b101100000101 B
b1100 ,
b1011111111111111111111111111111111111111111111111111111111011010 +
b110010111111111111111111111111111111111111111111111111111111110110100000000000000000000000000000000000000000000000000000000000001100 I
b110001111111111111111111111111111111111111111111111111111111110110110000000000000000000000000000000000000000000000000000000000001011 H
b0 F
b11111111111111111111111111111111111111111111111111111111111111 E
b1 G
b101100000101 A
b1110 ?
b0 3
b11111111111111111111111111111111111111111111111111111111111111 9
b1 8
b1101 >
b111111 =
b0 0
b11111111111111111111111111111111111111111111111111111111111111 /
b1 .
b1 @
1!
#1620000
0!
#1625000
b101100011110 B
b110 -
b11111111111111111111111111111111111111111111111111111111110011 ,
b1011111111111111111111111111111111111111111111111111111111110011 +
b11000111111111111111111111111111111111111111111111111111111111100111011111111111111111111111111111111111111111111111111111111110011 I
b11001011111111111111111111111111111111111111111111111111111111011010 H
b110 F
b11111111111111111111111111111111111111111111111111111111100111 E
b11001 G
b110 0
b1 3
b10011111111111111111111111111111111111111111111111111111111100111 9
b11001 8
b101100011110 A
b100111 ?
b100111 >
b100110 =
b11111111111111111111111111111111111111111111111111111111100111 /
b11001 .
b11001 @
1!
#1630000
0!
#1635000
b1111 <
b1001110 C
b101100110111 B
b0 -
b1100 ,
b111111111111111111111111111111111111111111111111111111111011010 +
b110001111111111111111111111111111111111111111111111111111111110110101100000000000000000000000000000000000000000000000000000000001100 I
b11000111111111111111111111111111111111111111111111111111111111100111011111111111111111111111111111111111111111111111111111111110011 H
b101100110111 A
b1111 ?
b1 3
b10011111111111111111111111111111111111111111111111111111111100111 9
b11001 8
b1110 >
b111111 =
b110 0
b11111111111111111111111111111111111111111111111111111111100111 /
b11001 .
b11001 @
1!
#1640000
0!
#1645000
b101101010000 B
b110 -
b11111111111111111111111111111111111111111111111111111111110011 ,
b111111111111111111111111111111111111111111111111111111111110011 +
b11000111111111111111111111111111111111111111111111111111111111100110111111111111111111111111111111111111111111111111111111111110011 I
b11000111111111111111111111111111111111111111111111111111111111011010 H
b101101010000 A
b101000 ?
b1 3
b10011111111111111111111111111111111111111111111111111111111100111 9
b11001 8
b100111 >
b100111 =
b110 0
b11111111111111111111111111111111111111111111111111111111100111 /
b11001 .
b11001 @
1!
#1650000
0!
#1655000
b10000 <
b1001111 C
b101101101000 B
b0 -
b1100 ,
b11111111111111111111111111111111111111111111111111111111011011 +
b110000111111111111111111111111111111111111111111111111111111110110111000000000000000000000000000000000000000000000000000000000001011 I
b11000111111111111111111111111111111111111111111111111111111111100110111111111111111111111111111111111111111111111111111111111110011 H
b101 F
b1111111111111111111111111111111111111111111111111111111111101000 E
b11000 G
b101101101000 A
b10000 ?
b0 3
b1111111111111111111111111111111111111111111111111111111111101000 9
b11000 8
b1111 >
b111111 =
b101 0
b1111111111111111111111111111111111111111111111111111111111101000 /
b11000 .
b11000 @
1!
#1660000
0!
#1665000
b101110000001 B
b110 -
b11111111111111111111111111111111111111111111111111111111110011 ,
b11111111111111111111111111111111111111111111111111111111110100 +
b11000111111111111111111111111111111111111111111111111111111111100110011111111111111111111111111111111111111111111111111111111110100 I
b11000011111111111111111111111111111111111111111111111111111111011011 H
b110 F
b11111111111111111111111111111111111111111111111111111111100111 E
b11001 G
b1 3
b101110000001 A
b101001 ?
b10011111111111111111111111111111111111111111111111111111111100111 9
b11001 8
b100111 >
b101000 =
b110 0
b11111111111111111111111111111111111111111111111111111111100111 /
b11001 .
b11001 @
1!
#1670000
0!
#1675000
b10001 <
b1010000 C
b101110011000 B
b0 -
b1011 ,
b1111111111111111111111111111111111111111111111111111111111011100 +
b101111111111111111111111111111111111111111111111111111111111110111000100000000000000000000000000000000000000000000000000000000001011 I
b11000111111111111111111111111111111111111111111111111111111111100110011111111111111111111111111111111111111111111111111111111110100 H
b101 F
b1011111111111111111111111111111111111111111111111111111111101001 E
b10111 G
b101110011000 A
b10001 ?
b0 3
b1011111111111111111111111111111111111111111111111111111111101001 9
b10111 8
b10000 >
b111111 =
b101 0
b1011111111111111111111111111111111111111111111111111111111101001 /
b10111 .
b10111 @
1!
#1680000
0!
#1685000
b101110110001 B
b110 -
b11111111111111111111111111111111111111111111111111111111110010 ,
b1111111111111111111111111111111111111111111111111111111111110101 +
b11000111111111111111111111111111111111111111111111111111111111100101111111111111111111111111111111111111111111111111111111111110101 I
b10111111111111111111111111111111111111111111111111111111111111011100 H
b110 F
b11111111111111111111111111111111111111111111111111111111100111 E
b11001 G
b1 3
b101110110001 A
b101010 ?
b10011111111111111111111111111111111111111111111111111111111100111 9
b11001 8
b100111 >
b101001 =
b110 0
b11111111111111111111111111111111111111111111111111111111100111 /
b11001 .
b11001 @
1!
#1690000
0!
#1695000
b10010 <
b1010001 C
b101111000111 B
b0 -
b1011 ,
b1011111111111111111111111111111111111111111111111111111111011101 +
b101110111111111111111111111111111111111111111111111111111111110111010000000000000000000000000000000000000000000000000000000000001011 I
b11000111111111111111111111111111111111111111111111111111111111100101111111111111111111111111111111111111111111111111111111111110101 H
b101 F
b111111111111111111111111111111111111111111111111111111111101010 E
b10110 G
b101111000111 A
b10010 ?
b0 3
b111111111111111111111111111111111111111111111111111111111101010 9
b10110 8
b10001 >
b111111 =
b101 0
b111111111111111111111111111111111111111111111111111111111101010 /
b10110 .
b10110 @
1!
#1700000
0!
#1705000
b101111100000 B
b110 -
b11111111111111111111111111111111111111111111111111111111110010 ,
b1011111111111111111111111111111111111111111111111111111111110110 +
b11000111111111111111111111111111111111111111111111111111111111100101011111111111111111111111111111111111111111111111111111111110110 I
b10111011111111111111111111111111111111111111111111111111111111011101 H
b110 F
b11111111111111111111111111111111111111111111111111111111100111 E
b11001 G
b1 3
b101111100000 A
b101011 ?
b10011111111111111111111111111111111111111111111111111111111100111 9
b11001 8
b100111 >
b101010 =
b110 0
b11111111111111111111111111111111111111111111111111111111100111 /
b11001 .
b11001 @
1!
#1710000
0!
#1715000
b10011 <
b1010010 C
b101111110101 B
b0 -
b1011 ,
b111111111111111111111111111111111111111111111111111111111011101 +
b101101111111111111111111111111111111111111111111111111111111110111011100000000000000000000000000000000000000000000000000000000001011 I
b11000111111111111111111111111111111111111111111111111111111111100101011111111111111111111111111111111111111111111111111111111110110 H
b101 F
b11111111111111111111111111111111111111111111111111111111101011 E
b10101 G
b101111110101 A
b10011 ?
b1 3
b10011111111111111111111111111111111111111111111111111111111101011 9
b10101 8
b10010 >
b111111 =
b101 0
b11111111111111111111111111111111111111111111111111111111101011 /
b10101 .
b10101 @
1!
#1720000
0!
#1725000
b110000001110 B
b110 -
b11111111111111111111111111111111111111111111111111111111110010 ,
b111111111111111111111111111111111111111111111111111111111110110 +
b11000111111111111111111111111111111111111111111111111111111111100100111111111111111111111111111111111111111111111111111111111110110 I
b10110111111111111111111111111111111111111111111111111111111111011101 H
b110 F
b11111111111111111111111111111111111111111111111111111111100111 E
b11001 G
b110000001110 A
b101100 ?
b1 3
b10011111111111111111111111111111111111111111111111111111111100111 9
b11001 8
b100111 >
b101011 =
b110 0
b11111111111111111111111111111111111111111111111111111111100111 /
b11001 .
b11001 @
1!
#1730000
0!
#1735000
b10100 <
b1010011 C
b110000100010 B
b0 -
b1011 ,
b11111111111111111111111111111111111111111111111111111111011110 +
b101100111111111111111111111111111111111111111111111111111111110111101000000000000000000000000000000000000000000000000000000000001010 I
b11000111111111111111111111111111111111111111111111111111111111100100111111111111111111111111111111111111111111111111111111111110110 H
b100 F
b1111111111111111111111111111111111111111111111111111111111101100 E
b10100 G
b110000100010 A
b10100 ?
b0 3
b1111111111111111111111111111111111111111111111111111111111101100 9
b10100 8
b10011 >
b111111 =
b100 0
b1111111111111111111111111111111111111111111111111111111111101100 /
b10100 .
b10100 @
1!
#1740000
0!
#1745000
b110000111011 B
b110 -
b11111111111111111111111111111111111111111111111111111111110010 ,
b11111111111111111111111111111111111111111111111111111111110111 +
b11000111111111111111111111111111111111111111111111111111111111100100011111111111111111111111111111111111111111111111111111111110111 I
b10110011111111111111111111111111111111111111111111111111111111011110 H
b110 F
b11111111111111111111111111111111111111111111111111111111100111 E
b11001 G
b1 3
b110000111011 A
b101101 ?
b10011111111111111111111111111111111111111111111111111111111100111 9
b11001 8
b100111 >
b101100 =
b110 0
b11111111111111111111111111111111111111111111111111111111100111 /
b11001 .
b11001 @
1!
#1750000
0!
#1755000
b10101 <
b1010100 C
b110001001110 B
b0 -
b1010 ,
b1111111111111111111111111111111111111111111111111111111111011111 +
b101011111111111111111111111111111111111111111111111111111111110111110100000000000000000000000000000000000000000000000000000000001010 I
b11000111111111111111111111111111111111111111111111111111111111100100011111111111111111111111111111111111111111111111111111111110111 H
b100 F
b1011111111111111111111111111111111111111111111111111111111101101 E
b10011 G
b110001001110 A
b10101 ?
b0 3
b1011111111111111111111111111111111111111111111111111111111101101 9
b10011 8
b10100 >
b111111 =
b100 0
b1011111111111111111111111111111111111111111111111111111111101101 /
b10011 .
b10011 @
1!
#1760000
0!
#1765000
b110001100111 B
b110 -
b11111111111111111111111111111111111111111111111111111111110001 ,
b1111111111111111111111111111111111111111111111111111111111111000 +
b11000111111111111111111111111111111111111111111111111111111111100011111111111111111111111111111111111111111111111111111111111111000 I
b10101111111111111111111111111111111111111111111111111111111111011111 H
b110 F
b11111111111111111111111111111111111111111111111111111111100111 E
b11001 G
b1 3
b110001100111 A
b101110 ?
b10011111111111111111111111111111111111111111111111111111111100111 9
b11001 8
b100111 >
b101101 =
b110 0
b11111111111111111111111111111111111111111111111111111111100111 /
b11001 .
b11001 @
1!
#1770000
0!
#1775000
b10110 <
b1010101 C
b110001111001 B
b0 -
b1010 ,
b1011111111111111111111111111111111111111111111111111111111100000 +
b101010111111111111111111111111111111111111111111111111111111111000000000000000000000000000000000000000000000000000000000000000001010 I
b11000111111111111111111111111111111111111111111111111111111111100011111111111111111111111111111111111111111111111111111111111111000 H
b100 F
b111111111111111111111111111111111111111111111111111111111101110 E
b10010 G
b110001111001 A
b10110 ?
b0 3
b111111111111111111111111111111111111111111111111111111111101110 9
b10010 8
b10101 >
b111111 =
b100 0
b111111111111111111111111111111111111111111111111111111111101110 /
b10010 .
b10010 @
1!
#1780000
0!
#1785000
b110010010010 B
b110 -
b11111111111111111111111111111111111111111111111111111111110001 ,
b1011111111111111111111111111111111111111111111111111111111111001 +
b11000111111111111111111111111111111111111111111111111111111111100011011111111111111111111111111111111111111111111111111111111111001 I
b10101011111111111111111111111111111111111111111111111111111111100000 H
b110 F
b11111111111111111111111111111111111111111111111111111111100111 E
b11001 G
b1 3
b110010010010 A
b101111 ?
b10011111111111111111111111111111111111111111111111111111111100111 9
b11001 8
b100111 >
b101110 =
b110 0
b11111111111111111111111111111111111111111111111111111111100111 /
b11001 .
b11001 @
1!
#1790000
0!
#1795000
b10111 <
b1010110 C
b110010100011 B
b0 -
b1010 ,
b111111111111111111111111111111111111111111111111111111111100000 +
b101001111111111111111111111111111111111111111111111111111111111000001100000000000000000000000000000000000000000000000000000000001010 I
b11000111111111111111111111111111111111111111111111111111111111100011011111111111111111111111111111111111111111111111111111111111001 H
b100 F
b11111111111111111111111111111111111111111111111111111111101111 E
b10001 G
b110010100011 A
b10111 ?
b1 3
b10011111111111111111111111111111111111111111111111111111111101111 9
b10001 8
b10110 >
b111111 =
b100 0
b11111111111111111111111111111111111111111111111111111111101111 /
b10001 .
b10001 @
1!
#1800000
0!
#1805000
b110010111100 B
b110 -
b11111111111111111111111111111111111111111111111111111111110001 ,
b111111111111111111111111111111111111111111111111111111111111001 +
b11000111111111111111111111111111111111111111111111111111111111100010111111111111111111111111111111111111111111111111111111111111001 I
b10100111111111111111111111111111111111111111111111111111111111100000 H
b110 F
b11111111111111111111111111111111111111111111111111111111100111 E
b11001 G
b110010111100 A
b110000 ?
b1 3
b10011111111111111111111111111111111111111111111111111111111100111 9
b11001 8
b100111 >
b101111 =
b110 0
b11111111111111111111111111111111111111111111111111111111100111 /
b11001 .
b11001 @
1!
#1810000
0!
#1815000
b11000 <
b1010111 C
b110011001100 B
b0 -
b1010 ,
b11111111111111111111111111111111111111111111111111111111100001 +
b101000111111111111111111111111111111111111111111111111111111111000011000000000000000000000000000000000000000000000000000000000001001 I
b11000111111111111111111111111111111111111111111111111111111111100010111111111111111111111111111111111111111111111111111111111111001 H
b11 F
b1111111111111111111111111111111111111111111111111111111111110000 E
b10000 G
b110011001100 A
b11000 ?
b0 3
b1111111111111111111111111111111111111111111111111111111111110000 9
b10000 8
b10111 >
b111111 =
b11 0
b1111111111111111111111111111111111111111111111111111111111110000 /
b10000 .
b10000 @
1!
#1820000
0!
#1825000
b110011100101 B
b110 -
b11111111111111111111111111111111111111111111111111111111110001 ,
b11111111111111111111111111111111111111111111111111111111111010 +
b11000111111111111111111111111111111111111111111111111111111111100010011111111111111111111111111111111111111111111111111111111111010 I
b10100011111111111111111111111111111111111111111111111111111111100001 H
b110 F
b11111111111111111111111111111111111111111111111111111111100111 E
b11001 G
b1 3
b110011100101 A
b110001 ?
b10011111111111111111111111111111111111111111111111111111111100111 9
b11001 8
b100111 >
b110000 =
b110 0
b11111111111111111111111111111111111111111111111111111111100111 /
b11001 .
b11001 @
1!
#1830000
0!
#1835000
b11001 <
b1011000 C
b110011110100 B
b0 -
b1001 ,
b1111111111111111111111111111111111111111111111111111111111100010 +
b100111111111111111111111111111111111111111111111111111111111111000100100000000000000000000000000000000000000000000000000000000001001 I
b11000111111111111111111111111111111111111111111111111111111111100010011111111111111111111111111111111111111111111111111111111111010 H
b11 F
b1011111111111111111111111111111111111111111111111111111111110001 E
b1111 G
b110011110100 A
b11001 ?
b0 3
b1011111111111111111111111111111111111111111111111111111111110001 9
b1111 8
b11000 >
b111111 =
b11 0
b1011111111111111111111111111111111111111111111111111111111110001 /
b1111 .
b1111 @
1!
#1840000
0!
#1845000
b110100001101 B
b110 -
b11111111111111111111111111111111111111111111111111111111110000 ,
b1111111111111111111111111111111111111111111111111111111111111011 +
b11000111111111111111111111111111111111111111111111111111111111100001111111111111111111111111111111111111111111111111111111111111011 I
b10011111111111111111111111111111111111111111111111111111111111100010 H
b110 F
b11111111111111111111111111111111111111111111111111111111100111 E
b11001 G
b1 3
b110100001101 A
b110010 ?
b10011111111111111111111111111111111111111111111111111111111100111 9
b11001 8
b100111 >
b110001 =
b110 0
b11111111111111111111111111111111111111111111111111111111100111 /
b11001 .
b11001 @
1!
#1850000
0!
#1855000
b11010 <
b1011001 C
b110100011011 B
b0 -
b1001 ,
b1011111111111111111111111111111111111111111111111111111111100011 +
b100110111111111111111111111111111111111111111111111111111111111000110000000000000000000000000000000000000000000000000000000000001001 I
b11000111111111111111111111111111111111111111111111111111111111100001111111111111111111111111111111111111111111111111111111111111011 H
b11 F
b111111111111111111111111111111111111111111111111111111111110010 E
b1110 G
b110100011011 A
b11010 ?
b0 3
b111111111111111111111111111111111111111111111111111111111110010 9
b1110 8
b11001 >
b111111 =
b11 0
b111111111111111111111111111111111111111111111111111111111110010 /
b1110 .
b1110 @
1!
#1860000
0!
#1865000
b110100110100 B
b110 -
b11111111111111111111111111111111111111111111111111111111110000 ,
b1011111111111111111111111111111111111111111111111111111111111100 +
b11000111111111111111111111111111111111111111111111111111111111100001011111111111111111111111111111111111111111111111111111111111100 I
b10011011111111111111111111111111111111111111111111111111111111100011 H
b110 F
b11111111111111111111111111111111111111111111111111111111100111 E
b11001 G
b1 3
b110100110100 A
b110011 ?
b10011111111111111111111111111111111111111111111111111111111100111 9
b11001 8
b100111 >
b110010 =
b110 0
b11111111111111111111111111111111111111111111111111111111100111 /
b11001 .
b11001 @
1!
#1870000
0!
#1875000
b11011 <
b1011010 C
b110101000001 B
b0 -
b1001 ,
b111111111111111111111111111111111111111111111111111111111100011 +
b100101111111111111111111111111111111111111111111111111111111111000111100000000000000000000000000000000000000000000000000000000001001 I
b11000111111111111111111111111111111111111111111111111111111111100001011111111111111111111111111111111111111111111111111111111111100 H
b11 F
b11111111111111111111111111111111111111111111111111111111110011 E
b1101 G
b110101000001 A
b11011 ?
b1 3
b10011111111111111111111111111111111111111111111111111111111110011 9
b1101 8
b11010 >
b111111 =
b11 0
b11111111111111111111111111111111111111111111111111111111110011 /
b1101 .
b1101 @
1!
#1880000
0!
#1885000
b110101011010 B
b110 -
b11111111111111111111111111111111111111111111111111111111110000 ,
b111111111111111111111111111111111111111111111111111111111111100 +
b11000111111111111111111111111111111111111111111111111111111111100000111111111111111111111111111111111111111111111111111111111111100 I
b10010111111111111111111111111111111111111111111111111111111111100011 H
b110 F
b11111111111111111111111111111111111111111111111111111111100111 E
b11001 G
b110101011010 A
b110100 ?
b1 3
b10011111111111111111111111111111111111111111111111111111111100111 9
b11001 8
b100111 >
b110011 =
b110 0
b11111111111111111111111111111111111111111111111111111111100111 /
b11001 .
b11001 @
1!
#1890000
0!
#1895000
b11100 <
b1011011 C
b110101100110 B
b0 -
b1001 ,
b11111111111111111111111111111111111111111111111111111111100100 +
b100100111111111111111111111111111111111111111111111111111111111001001000000000000000000000000000000000000000000000000000000000001000 I
b11000111111111111111111111111111111111111111111111111111111111100000111111111111111111111111111111111111111111111111111111111111100 H
b10 F
b1111111111111111111111111111111111111111111111111111111111110100 E
b1100 G
b110101100110 A
b11100 ?
b0 3
b1111111111111111111111111111111111111111111111111111111111110100 9
b1100 8
b11011 >
b111111 =
b10 0
b1111111111111111111111111111111111111111111111111111111111110100 /
b1100 .
b1100 @
1!
#1900000
0!
#1905000
b110101111111 B
b110 -
b11111111111111111111111111111111111111111111111111111111110000 ,
b11111111111111111111111111111111111111111111111111111111111101 +
b11000111111111111111111111111111111111111111111111111111111111100000011111111111111111111111111111111111111111111111111111111111101 I
b10010011111111111111111111111111111111111111111111111111111111100100 H
b110 F
b11111111111111111111111111111111111111111111111111111111100111 E
b11001 G
b1 3
b110101111111 A
b110101 ?
b10011111111111111111111111111111111111111111111111111111111100111 9
b11001 8
b100111 >
b110100 =
b110 0
b11111111111111111111111111111111111111111111111111111111100111 /
b11001 .
b11001 @
1!
#1910000
0!
#1915000
b11101 <
b1011100 C
b110110001010 B
b0 -
b1000 ,
b1111111111111111111111111111111111111111111111111111111111100101 +
b100011111111111111111111111111111111111111111111111111111111111001010100000000000000000000000000000000000000000000000000000000001000 I
b11000111111111111111111111111111111111111111111111111111111111100000011111111111111111111111111111111111111111111111111111111111101 H
b10 F
b1011111111111111111111111111111111111111111111111111111111110101 E
b1011 G
b110110001010 A
b11101 ?
b0 3
b1011111111111111111111111111111111111111111111111111111111110101 9
b1011 8
b11100 >
b111111 =
b10 0
b1011111111111111111111111111111111111111111111111111111111110101 /
b1011 .
b1011 @
1!
#1920000
0!
#1925000
b110110100011 B
b110 -
b11111111111111111111111111111111111111111111111111111111101111 ,
b1111111111111111111111111111111111111111111111111111111111111110 +
b11000111111111111111111111111111111111111111111111111111111111011111111111111111111111111111111111111111111111111111111111111111110 I
b10001111111111111111111111111111111111111111111111111111111111100101 H
b110 F
b11111111111111111111111111111111111111111111111111111111100111 E
b11001 G
b1 3
b110110100011 A
b110110 ?
b10011111111111111111111111111111111111111111111111111111111100111 9
b11001 8
b100111 >
b110101 =
b110 0
b11111111111111111111111111111111111111111111111111111111100111 /
b11001 .
b11001 @
1!
#1930000
0!
#1935000
b11110 <
b1011101 C
b110110101101 B
b0 -
b1000 ,
b1011111111111111111111111111111111111111111111111111111111100110 +
b100010111111111111111111111111111111111111111111111111111111111001100000000000000000000000000000000000000000000000000000000000001000 I
b11000111111111111111111111111111111111111111111111111111111111011111111111111111111111111111111111111111111111111111111111111111110 H
b10 F
b111111111111111111111111111111111111111111111111111111111110110 E
b1010 G
b110110101101 A
b11110 ?
b0 3
b111111111111111111111111111111111111111111111111111111111110110 9
b1010 8
b11101 >
b111111 =
b10 0
b111111111111111111111111111111111111111111111111111111111110110 /
b1010 .
b1010 @
1!
#1940000
0!
#1945000
b110111000110 B
b110 -
b11111111111111111111111111111111111111111111111111111111101111 ,
b1011111111111111111111111111111111111111111111111111111111111111 +
b11000111111111111111111111111111111111111111111111111111111111011111011111111111111111111111111111111111111111111111111111111111111 I
b10001011111111111111111111111111111111111111111111111111111111100110 H
b110 F
b11111111111111111111111111111111111111111111111111111111100111 E
b11001 G
b1 3
b110111000110 A
b110111 ?
b10011111111111111111111111111111111111111111111111111111111100111 9
b11001 8
b100111 >
b110110 =
b110 0
b11111111111111111111111111111111111111111111111111111111100111 /
b11001 .
b11001 @
1!
#1950000
0!
#1955000
b11111 <
b1011110 C
b110111001111 B
b0 -
b1000 ,
b111111111111111111111111111111111111111111111111111111111100110 +
b100001111111111111111111111111111111111111111111111111111111111001101100000000000000000000000000000000000000000000000000000000001000 I
b11000111111111111111111111111111111111111111111111111111111111011111011111111111111111111111111111111111111111111111111111111111111 H
b10 F
b11111111111111111111111111111111111111111111111111111111110111 E
b1001 G
b110111001111 A
b11111 ?
b1 3
b10011111111111111111111111111111111111111111111111111111111110111 9
b1001 8
b11110 >
b111111 =
b10 0
b11111111111111111111111111111111111111111111111111111111110111 /
b1001 .
b1001 @
1!
#1960000
0!
#1965000
b110111101000 B
b110 -
b11111111111111111111111111111111111111111111111111111111101111 ,
b111111111111111111111111111111111111111111111111111111111111111 +
b11000111111111111111111111111111111111111111111111111111111111011110111111111111111111111111111111111111111111111111111111111111111 I
b10000111111111111111111111111111111111111111111111111111111111100110 H
b110 F
b11111111111111111111111111111111111111111111111111111111100111 E
b11001 G
b110111101000 A
b111000 ?
b1 3
b10011111111111111111111111111111111111111111111111111111111100111 9
b11001 8
b100111 >
b110111 =
b110 0
b11111111111111111111111111111111111111111111111111111111100111 /
b11001 .
b11001 @
1!
#1970000
0!
#1975000
b100000 <
b1011111 C
b110111110000 B
b0 -
b1000 ,
b11111111111111111111111111111111111111111111111111111111100111 +
b100000111111111111111111111111111111111111111111111111111111111001111000000000000000000000000000000000000000000000000000000000000111 I
b11000111111111111111111111111111111111111111111111111111111111011110111111111111111111111111111111111111111111111111111111111111111 H
b1 F
b1111111111111111111111111111111111111111111111111111111111111000 E
b1000 G
b110111110000 A
b100000 ?
b0 3
b1111111111111111111111111111111111111111111111111111111111111000 9
b1000 8
b11111 >
b111111 =
b1 0
b1111111111111111111111111111111111111111111111111111111111111000 /
b1000 .
b1000 @
1!
#1980000
0!
#1985000
b111000001001 B
b110 -
b11111111111111111111111111111111111111111111111111111111101111 ,
b100000000000000000000000000000000000000000000000000000000000000 +
b11000111111111111111111111111111111111111111111111111111111111011110100000000000000000000000000000000000000000000000000000000000000 I
b10000011111111111111111111111111111111111111111111111111111111100111 H
b110 F
b11111111111111111111111111111111111111111111111111111111100111 E
b11001 G
b1 3
b111000001001 A
b111001 ?
b10011111111111111111111111111111111111111111111111111111111100111 9
b11001 8
b100111 >
b111000 =
b110 0
b11111111111111111111111111111111111111111111111111111111100111 /
b11001 .
b11001 @
1!
#1990000
0!
#1995000
b100001 <
b1100000 C
b111000010000 B
b0 -
b111 ,
b1111111111111111111111111111111111111111111111111111111111101000 +
b11111111111111111111111111111111111111111111111111111111111111010000100000000000000000000000000000000000000000000000000000000000111 I
b11000111111111111111111111111111111111111111111111111111111111011110100000000000000000000000000000000000000000000000000000000000000 H
b1 F
b1011111111111111111111111111111111111111111111111111111111111001 E
b111 G
b111000010000 A
b100001 ?
b0 3
b1011111111111111111111111111111111111111111111111111111111111001 9
b111 8
b100000 >
b111111 =
b1 0
b1011111111111111111111111111111111111111111111111111111111111001 /
b111 .
b111 @
1!
#2000000
0!
#2005000
b111000101001 B
b110 -
b11111111111111111111111111111111111111111111111111111111101111 ,
b1 +
b11000111111111111111111111111111111111111111111111111111111111011110000000000000000000000000000000000000000000000000000000000000001 I
b1111111111111111111111111111111111111111111111111111111111111101000 H
b110 F
b11111111111111111111111111111111111111111111111111111111100111 E
b11001 G
b1 3
b111000101001 A
b111010 ?
b10011111111111111111111111111111111111111111111111111111111100111 9
b11001 8
b100111 >
b111001 =
b110 0
b11111111111111111111111111111111111111111111111111111111100111 /
b11001 .
b11001 @
1!
#2010000
0!
#2015000
b100010 <
b1100001 C
b111000101111 B
b0 -
b111 ,
b1011111111111111111111111111111111111111111111111111111111101001 +
b11110111111111111111111111111111111111111111111111111111111111010010000000000000000000000000000000000000000000000000000000000000111 I
b11000111111111111111111111111111111111111111111111111111111111011110000000000000000000000000000000000000000000000000000000000000001 H
b1 F
b111111111111111111111111111111111111111111111111111111111111010 E
b110 G
b111000101111 A
b100010 ?
b0 3
b111111111111111111111111111111111111111111111111111111111111010 9
b110 8
b100001 >
b111111 =
b1 0
b111111111111111111111111111111111111111111111111111111111111010 /
b110 .
b110 @
1!
#2020000
0!
#2025000
b111001001000 B
b110 -
b11111111111111111111111111111111111111111111111111111111101110 ,
b1100000000000000000000000000000000000000000000000000000000000010 +
b11000111111111111111111111111111111111111111111111111111111111011101100000000000000000000000000000000000000000000000000000000000010 I
b1111011111111111111111111111111111111111111111111111111111111101001 H
b110 F
b11111111111111111111111111111111111111111111111111111111100111 E
b11001 G
b1 3
b111001001000 A
b111011 ?
b10011111111111111111111111111111111111111111111111111111111100111 9
b11001 8
b100111 >
b111010 =
b110 0
b11111111111111111111111111111111111111111111111111111111100111 /
b11001 .
b11001 @
1!
#2030000
0!
#2035000
b100011 <
b1100010 C
b111001001101 B
b0 -
b111 ,
b111111111111111111111111111111111111111111111111111111111101001 +
b11101111111111111111111111111111111111111111111111111111111111010011100000000000000000000000000000000000000000000000000000000000111 I
b11000111111111111111111111111111111111111111111111111111111111011101100000000000000000000000000000000000000000000000000000000000010 H
b1 F
b11111111111111111111111111111111111111111111111111111111111011 E
b101 G
b111001001101 A
b100011 ?
b1 3
b10011111111111111111111111111111111111111111111111111111111111011 9
b101 8
b100010 >
b111111 =
b1 0
b11111111111111111111111111111111111111111111111111111111111011 /
b101 .
b101 @
1!
#2040000
0!
#2045000
b111001100110 B
b110 -
b11111111111111111111111111111111111111111111111111111111101110 ,
b1000000000000000000000000000000000000000000000000000000000000010 +
b11000111111111111111111111111111111111111111111111111111111111011101000000000000000000000000000000000000000000000000000000000000010 I
b1110111111111111111111111111111111111111111111111111111111111101001 H
b110 F
b11111111111111111111111111111111111111111111111111111111100111 E
b11001 G
b111001100110 A
b111100 ?
b1 3
b10011111111111111111111111111111111111111111111111111111111100111 9
b11001 8
b100111 >
b111011 =
b110 0
b11111111111111111111111111111111111111111111111111111111100111 /
b11001 .
b11001 @
1!
#2050000
0!
#2055000
b100100 <
b1100011 C
b111001101010 B
b0 -
b111 ,
b11111111111111111111111111111111111111111111111111111111101010 +
b11100111111111111111111111111111111111111111111111111111111111010101000000000000000000000000000000000000000000000000000000000000110 I
b11000111111111111111111111111111111111111111111111111111111111011101000000000000000000000000000000000000000000000000000000000000010 H
b0 F
b1111111111111111111111111111111111111111111111111111111111111100 E
b100 G
b111001101010 A
b100100 ?
b0 3
b1111111111111111111111111111111111111111111111111111111111111100 9
b100 8
b100011 >
b111111 =
b0 0
b1111111111111111111111111111111111111111111111111111111111111100 /
b100 .
b100 @
1!
#2060000
0!
#2065000
b111010000011 B
b110 -
b11111111111111111111111111111111111111111111111111111111101110 ,
b100000000000000000000000000000000000000000000000000000000000011 +
b11000111111111111111111111111111111111111111111111111111111111011100100000000000000000000000000000000000000000000000000000000000011 I
b1110011111111111111111111111111111111111111111111111111111111101010 H
b110 F
b11111111111111111111111111111111111111111111111111111111100111 E
b11001 G
b110 0
b1 3
b111010000011 A
b111101 ?
b10011111111111111111111111111111111111111111111111111111111100111 9
b11001 8
b100111 >
b111100 =
b11111111111111111111111111111111111111111111111111111111100111 /
b11001 .
b11001 @
1!
#2070000
0!
#2075000
b100101 <
b1100100 C
b0 -
b111010000110 B
b110 ,
b1111111111111111111111111111111111111111111111111111111111101011 +
b11011111111111111111111111111111111111111111111111111111111111010110100000000000000000000000000000000000000000000000000000000000110 I
b11000111111111111111111111111111111111111111111111111111111111011100100000000000000000000000000000000000000000000000000000000000011 H
b0 F
b1011111111111111111111111111111111111111111111111111111111111101 E
b11 G
b111010000110 A
b100101 ?
b0 3
b1011111111111111111111111111111111111111111111111111111111111101 9
b11 8
b100100 >
b111111 =
b0 0
b1011111111111111111111111111111111111111111111111111111111111101 /
b11 .
b11 @
1!
#2080000
0!
#2085000
b111010011111 B
b110 -
b11111111111111111111111111111111111111111111111111111111101110 ,
b100 +
b11000111111111111111111111111111111111111111111111111111111111011100000000000000000000000000000000000000000000000000000000000000100 I
b1101111111111111111111111111111111111111111111111111111111111101011 H
b110 F
b11111111111111111111111111111111111111111111111111111111100111 E
b11001 G
b110 0
b1 3
b111010011111 A
b111110 ?
b10011111111111111111111111111111111111111111111111111111111100111 9
b11001 8
b100111 >
b111101 =
b11111111111111111111111111111111111111111111111111111111100111 /
b11001 .
b11001 @
1!
#2090000
0!
#2095000
b100110 <
b1100101 C
b0 -
b111010100001 B
b110 ,
b1011111111111111111111111111111111111111111111111111111111101100 +
b11010111111111111111111111111111111111111111111111111111111111011000000000000000000000000000000000000000000000000000000000000000110 I
b11000111111111111111111111111111111111111111111111111111111111011100000000000000000000000000000000000000000000000000000000000000100 H
b0 F
b111111111111111111111111111111111111111111111111111111111111110 E
b10 G
b111010100001 A
b100110 ?
b0 3
b111111111111111111111111111111111111111111111111111111111111110 9
b10 8
b100101 >
b111111 =
b0 0
b111111111111111111111111111111111111111111111111111111111111110 /
b10 .
b10 @
1!
#2100000
0!
#2105000
b111010111010 B
b110 -
b11111111111111111111111111111111111111111111111111111111101101 ,
b1100000000000000000000000000000000000000000000000000000000000101 +
b11000111111111111111111111111111111111111111111111111111111111011011100000000000000000000000000000000000000000000000000000000000101 I
b1101011111111111111111111111111111111111111111111111111111111101100 H
b110 F
b11111111111111111111111111111111111111111111111111111111100111 E
b11001 G
b110 0
b1 3
b111010111010 A
b111111 ?
b10011111111111111111111111111111111111111111111111111111111100111 9
b11001 8
b100111 >
b111110 =
b11111111111111111111111111111111111111111111111111111111100111 /
b11001 .
b11001 @
1!
#2110000
0!
#2115000
b100111 <
b1100110 C
b0 -
b111010111011 B
b110 ,
b111111111111111111111111111111111111111111111111111111111101100 +
b11001111111111111111111111111111111111111111111111111111111111011001100000000000000000000000000000000000000000000000000000000000110 I
b11000111111111111111111111111111111111111111111111111111111111011011100000000000000000000000000000000000000000000000000000000000101 H
b0 F
b11111111111111111111111111111111111111111111111111111111111111 E
b1 G
b111010111011 A
b100111 ?
b0 3
b11111111111111111111111111111111111111111111111111111111111111 9
b1 8
b100110 >
b111111 =
b0 0
b11111111111111111111111111111111111111111111111111111111111111 /
b1 .
b1 @
1!
#2120000
0!
#2125000
b101000 <
b1100111 C
b111011010100 B
b0 -
b110 ,
b11111111111111111111111111111111111111111111111111111111101101 +
b11000111111111111111111111111111111111111111111111111111111111011011000000000000000000000000000000000000000000000000000000000000101 I
b1100111111111111111111111111111111111111111111111111111111111101100 H
b110 F
b11111111111111111111111111111111111111111111111111111111100111 E
b11001 G
b110 0
b1 3
b10011111111111111111111111111111111111111111111111111111111100111 9
b11001 8
b111011010100 A
b101000 ?
b100111 >
b111111 =
b11111111111111111111111111111111111111111111111111111111100111 /
b11001 .
b11001 @
1!
#2130000
0!
#2135000
b101001 <
b1101000 C
b111011101100 B
b0 -
b101 ,
b1111111111111111111111111111111111111111111111111111111111101110 +
b10111111111111111111111111111111111111111111111111111111111111011100100000000000000000000000000000000000000000000000000000000000101 I
b1100011111111111111111111111111111111111111111111111111111111101101 H
b101 F
b1111111111111111111111111111111111111111111111111111111111101000 E
b11000 G
b111011101100 A
b101001 ?
b0 3
b1111111111111111111111111111111111111111111111111111111111101000 9
b11000 8
b101000 >
b111111 =
b101 0
b1111111111111111111111111111111111111111111111111111111111101000 /
b11000 .
b11000 @
1!
#2140000
0!
#2145000
b101010 <
b1101001 C
b111100000011 B
b0 -
b101 ,
b1011111111111111111111111111111111111111111111111111111111101111 +
b10110111111111111111111111111111111111111111111111111111111111011110000000000000000000000000000000000000000000000000000000000000101 I
b1011111111111111111111111111111111111111111111111111111111111101110 H
b1011111111111111111111111111111111111111111111111111111111101001 E
b10111 G
b0 3
b111100000011 A
b101010 ?
b1011111111111111111111111111111111111111111111111111111111101001 9
b10111 8
b101001 >
b111111 =
b101 0
b1011111111111111111111111111111111111111111111111111111111101001 /
b10111 .
b10111 @
1!
#2150000
0!
#2155000
b101011 <
b1101010 C
b111100011001 B
b0 -
b101 ,
b111111111111111111111111111111111111111111111111111111111101111 +
b10101111111111111111111111111111111111111111111111111111111111011111100000000000000000000000000000000000000000000000000000000000101 I
b1011011111111111111111111111111111111111111111111111111111111101111 H
b111111111111111111111111111111111111111111111111111111111101010 E
b10110 G
b0 3
b111100011001 A
b101011 ?
b111111111111111111111111111111111111111111111111111111111101010 9
b10110 8
b101010 >
b111111 =
b101 0
b111111111111111111111111111111111111111111111111111111111101010 /
b10110 .
b10110 @
1!
#2160000
0!
#2165000
b101100 <
b1101011 C
b111100101110 B
b0 -
b101 ,
b11111111111111111111111111111111111111111111111111111111110000 +
b10100111111111111111111111111111111111111111111111111111111111100001000000000000000000000000000000000000000000000000000000000000100 I
b1010111111111111111111111111111111111111111111111111111111111101111 H
b11111111111111111111111111111111111111111111111111111111101011 E
b10101 G
b1 3
b111100101110 A
b101100 ?
b10011111111111111111111111111111111111111111111111111111111101011 9
b10101 8
b101011 >
b111111 =
b101 0
b11111111111111111111111111111111111111111111111111111111101011 /
b10101 .
b10101 @
1!
#2170000
0!
#2175000
b101101 <
b1101100 C
b111101000010 B
b0 -
b100 ,
b1111111111111111111111111111111111111111111111111111111111110001 +
b10011111111111111111111111111111111111111111111111111111111111100010100000000000000000000000000000000000000000000000000000000000100 I
b1010011111111111111111111111111111111111111111111111111111111110000 H
b100 F
b1111111111111111111111111111111111111111111111111111111111101100 E
b10100 G
b111101000010 A
b101101 ?
b0 3
b1111111111111111111111111111111111111111111111111111111111101100 9
b10100 8
b101100 >
b111111 =
b100 0
b1111111111111111111111111111111111111111111111111111111111101100 /
b10100 .
b10100 @
1!
#2180000
0!
#2185000
b101110 <
b1101101 C
b111101010101 B
b0 -
b100 ,
b1011111111111111111111111111111111111111111111111111111111110010 +
b10010111111111111111111111111111111111111111111111111111111111100100000000000000000000000000000000000000000000000000000000000000100 I
b1001111111111111111111111111111111111111111111111111111111111110001 H
b1011111111111111111111111111111111111111111111111111111111101101 E
b10011 G
b0 3
b111101010101 A
b101110 ?
b1011111111111111111111111111111111111111111111111111111111101101 9
b10011 8
b101101 >
b111111 =
b100 0
b1011111111111111111111111111111111111111111111111111111111101101 /
b10011 .
b10011 @
1!
#2190000
0!
#2195000
b101111 <
b1101110 C
b111101100111 B
b0 -
b100 ,
b111111111111111111111111111111111111111111111111111111111110010 +
b10001111111111111111111111111111111111111111111111111111111111100101100000000000000000000000000000000000000000000000000000000000100 I
b1001011111111111111111111111111111111111111111111111111111111110010 H
b111111111111111111111111111111111111111111111111111111111101110 E
b10010 G
b0 3
b111101100111 A
b101111 ?
b111111111111111111111111111111111111111111111111111111111101110 9
b10010 8
b101110 >
b111111 =
b100 0
b111111111111111111111111111111111111111111111111111111111101110 /
b10010 .
b10010 @
1!
#2200000
0!
#2205000
b110000 <
b1101111 C
b111101111000 B
b0 -
b100 ,
b11111111111111111111111111111111111111111111111111111111110011 +
b10000111111111111111111111111111111111111111111111111111111111100111000000000000000000000000000000000000000000000000000000000000011 I
b1000111111111111111111111111111111111111111111111111111111111110010 H
b11111111111111111111111111111111111111111111111111111111101111 E
b10001 G
b1 3
b111101111000 A
b110000 ?
b10011111111111111111111111111111111111111111111111111111111101111 9
b10001 8
b101111 >
b111111 =
b100 0
b11111111111111111111111111111111111111111111111111111111101111 /
b10001 .
b10001 @
1!
#2210000
0!
#2215000
b110001 <
b1110000 C
b111110001000 B
b0 -
b11 ,
b1111111111111111111111111111111111111111111111111111111111110100 +
b1111111111111111111111111111111111111111111111111111111111111101000100000000000000000000000000000000000000000000000000000000000011 I
b1000011111111111111111111111111111111111111111111111111111111110011 H
b11 F
b1111111111111111111111111111111111111111111111111111111111110000 E
b10000 G
b111110001000 A
b110001 ?
b0 3
b1111111111111111111111111111111111111111111111111111111111110000 9
b10000 8
b110000 >
b111111 =
b11 0
b1111111111111111111111111111111111111111111111111111111111110000 /
b10000 .
b10000 @
1!
#2220000
0!
#2225000
b110010 <
b1110001 C
b111110010111 B
b0 -
b11 ,
b1011111111111111111111111111111111111111111111111111111111110101 +
b1110111111111111111111111111111111111111111111111111111111111101010000000000000000000000000000000000000000000000000000000000000011 I
b111111111111111111111111111111111111111111111111111111111111110100 H
b1011111111111111111111111111111111111111111111111111111111110001 E
b1111 G
b0 3
b111110010111 A
b110010 ?
b1011111111111111111111111111111111111111111111111111111111110001 9
b1111 8
b110001 >
b111111 =
b11 0
b1011111111111111111111111111111111111111111111111111111111110001 /
b1111 .
b1111 @
1!
#2230000
0!
#2235000
b110011 <
b1110010 C
b111110100101 B
b0 -
b11 ,
b111111111111111111111111111111111111111111111111111111111110101 +
b1101111111111111111111111111111111111111111111111111111111111101011100000000000000000000000000000000000000000000000000000000000011 I
b111011111111111111111111111111111111111111111111111111111111110101 H
b111111111111111111111111111111111111111111111111111111111110010 E
b1110 G
b0 3
b111110100101 A
b110011 ?
b111111111111111111111111111111111111111111111111111111111110010 9
b1110 8
b110010 >
b111111 =
b11 0
b111111111111111111111111111111111111111111111111111111111110010 /
b1110 .
b1110 @
1!
#2240000
0!
#2245000
b110100 <
b1110011 C
b111110110010 B
b0 -
b11 ,
b11111111111111111111111111111111111111111111111111111111110110 +
b1100111111111111111111111111111111111111111111111111111111111101101000000000000000000000000000000000000000000000000000000000000010 I
b110111111111111111111111111111111111111111111111111111111111110101 H
b11111111111111111111111111111111111111111111111111111111110011 E
b1101 G
b1 3
b111110110010 A
b110100 ?
b10011111111111111111111111111111111111111111111111111111111110011 9
b1101 8
b110011 >
b111111 =
b11 0
b11111111111111111111111111111111111111111111111111111111110011 /
b1101 .
b1101 @
1!
#2250000
0!
#2255000
b110101 <
b1110100 C
b111110111110 B
b0 -
b10 ,
b1111111111111111111111111111111111111111111111111111111111110111 +
b1011111111111111111111111111111111111111111111111111111111111101110100000000000000000000000000000000000000000000000000000000000010 I
b110011111111111111111111111111111111111111111111111111111111110110 H
b10 F
b1111111111111111111111111111111111111111111111111111111111110100 E
b1100 G
b111110111110 A
b110101 ?
b0 3
b1111111111111111111111111111111111111111111111111111111111110100 9
b1100 8
b110100 >
b111111 =
b10 0
b1111111111111111111111111111111111111111111111111111111111110100 /
b1100 .
b1100 @
1!
#2260000
0!
#2265000
b110110 <
b1110101 C
b111111001001 B
b0 -
b10 ,
b1011111111111111111111111111111111111111111111111111111111111000 +
b1010111111111111111111111111111111111111111111111111111111111110000000000000000000000000000000000000000000000000000000000000000010 I
b101111111111111111111111111111111111111111111111111111111111110111 H
b1011111111111111111111111111111111111111111111111111111111110101 E
b1011 G
b0 3
b111111001001 A
b110110 ?
b1011111111111111111111111111111111111111111111111111111111110101 9
b1011 8
b110101 >
b111111 =
b10 0
b1011111111111111111111111111111111111111111111111111111111110101 /
b1011 .
b1011 @
1!
#2270000
0!
#2275000
b110111 <
b1110110 C
b111111010011 B
b0 -
b10 ,
b111111111111111111111111111111111111111111111111111111111111000 +
b1001111111111111111111111111111111111111111111111111111111111110001100000000000000000000000000000000000000000000000000000000000010 I
b101011111111111111111111111111111111111111111111111111111111111000 H
b111111111111111111111111111111111111111111111111111111111110110 E
b1010 G
b0 3
b111111010011 A
b110111 ?
b111111111111111111111111111111111111111111111111111111111110110 9
b1010 8
b110110 >
b111111 =
b10 0
b111111111111111111111111111111111111111111111111111111111110110 /
b1010 .
b1010 @
1!
#2280000
0!
#2285000
b111000 <
b1110111 C
b111111011100 B
b0 -
b10 ,
b11111111111111111111111111111111111111111111111111111111111001 +
b1000111111111111111111111111111111111111111111111111111111111110011000000000000000000000000000000000000000000000000000000000000001 I
b100111111111111111111111111111111111111111111111111111111111111000 H
b11111111111111111111111111111111111111111111111111111111110111 E
b1001 G
b1 3
b111111011100 A
b111000 ?
b10011111111111111111111111111111111111111111111111111111111110111 9
b1001 8
b110111 >
b111111 =
b10 0
b11111111111111111111111111111111111111111111111111111111110111 /
b1001 .
b1001 @
1!
#2290000
0!
#2295000
b111001 <
b1111000 C
b111111100100 B
b0 -
b1 ,
b1111111111111111111111111111111111111111111111111111111111111010 +
b111111111111111111111111111111111111111111111111111111111111110100100000000000000000000000000000000000000000000000000000000000001 I
b100011111111111111111111111111111111111111111111111111111111111001 H
b1 F
b1111111111111111111111111111111111111111111111111111111111111000 E
b1000 G
b111111100100 A
b111001 ?
b0 3
b1111111111111111111111111111111111111111111111111111111111111000 9
b1000 8
b111000 >
b111111 =
b1 0
b1111111111111111111111111111111111111111111111111111111111111000 /
b1000 .
b1000 @
1!
#2300000
0!
#2305000
b111010 <
b1111001 C
b111111101011 B
b0 -
b1 ,
b1011111111111111111111111111111111111111111111111111111111111011 +
b110111111111111111111111111111111111111111111111111111111111110110000000000000000000000000000000000000000000000000000000000000001 I
b11111111111111111111111111111111111111111111111111111111111111010 H
b1011111111111111111111111111111111111111111111111111111111111001 E
b111 G
b0 3
b111111101011 A
b111010 ?
b1011111111111111111111111111111111111111111111111111111111111001 9
b111 8
b111001 >
b111111 =
b1 0
b1011111111111111111111111111111111111111111111111111111111111001 /
b111 .
b111 @
1!
#2310000
0!
#2315000
b111011 <
b1111010 C
b111111110001 B
b0 -
b1 ,
b111111111111111111111111111111111111111111111111111111111111011 +
b101111111111111111111111111111111111111111111111111111111111110111100000000000000000000000000000000000000000000000000000000000001 I
b11011111111111111111111111111111111111111111111111111111111111011 H
b111111111111111111111111111111111111111111111111111111111111010 E
b110 G
b0 3
b111111110001 A
b111011 ?
b111111111111111111111111111111111111111111111111111111111111010 9
b110 8
b111010 >
b111111 =
b1 0
b111111111111111111111111111111111111111111111111111111111111010 /
b110 .
b110 @
1!
#2320000
0!
#2325000
b111100 <
b1111011 C
b111111110110 B
b0 -
b1 ,
b11111111111111111111111111111111111111111111111111111111111100 +
b100111111111111111111111111111111111111111111111111111111111111001000000000000000000000000000000000000000000000000000000000000000 I
b10111111111111111111111111111111111111111111111111111111111111011 H
b11111111111111111111111111111111111111111111111111111111111011 E
b101 G
b1 3
b111111110110 A
b111100 ?
b10011111111111111111111111111111111111111111111111111111111111011 9
b101 8
b111011 >
b111111 =
b1 0
b11111111111111111111111111111111111111111111111111111111111011 /
b101 .
b101 @
1!
#2330000
0!
#2335000
b111101 <
b1111100 C
b111111111010 B
b0 ,
b1111111111111111111111111111111111111111111111111111111111111101 +
b11111111111111111111111111111111111111111111111111111111111111010100000000000000000000000000000000000000000000000000000000000000 I
b10011111111111111111111111111111111111111111111111111111111111100 H
b0 F
b1111111111111111111111111111111111111111111111111111111111111100 E
b100 G
b111111111010 A
b111101 ?
b0 3
b1111111111111111111111111111111111111111111111111111111111111100 9
b100 8
b111100 >
b111111 =
b0 0
b1111111111111111111111111111111111111111111111111111111111111100 /
b100 .
b100 @
1!
#2340000
0!
#2345000
b111110 <
b1111101 C
b111111111101 B
b0 ,
b1011111111111111111111111111111111111111111111111111111111111110 +
b10111111111111111111111111111111111111111111111111111111111111100000000000000000000000000000000000000000000000000000000000000000 I
b1111111111111111111111111111111111111111111111111111111111111101 H
b1011111111111111111111111111111111111111111111111111111111111101 E
b11 G
b111111111101 A
b111110 ?
b1011111111111111111111111111111111111111111111111111111111111101 9
b11 8
b111101 >
b111111 =
b1011111111111111111111111111111111111111111111111111111111111101 /
b11 .
b11 @
1!
#2350000
0!
#2355000
b111111 <
b1111110 C
b111111111111 B
b0 ,
b111111111111111111111111111111111111111111111111111111111111110 +
b1111111111111111111111111111111111111111111111111111111111111101100000000000000000000000000000000000000000000000000000000000000 I
b1011111111111111111111111111111111111111111111111111111111111110 H
b111111111111111111111111111111111111111111111111111111111111110 E
b10 G
b111111111111 A
b111111 ?
b111111111111111111111111111111111111111111111111111111111111110 9
b10 8
b111110 >
b111111 =
b111111111111111111111111111111111111111111111111111111111111110 /
b10 .
b10 @
1!
#2360000
0!
#2365000
14
01
b1000000000000 B
b0 ,
b11111111111111111111111111111111111111111111111111111111111111 +
b111111111111111111111111111111111111111111111111111111111111110111111111111111111111111111111111111111111111111111111111111111 I
b111111111111111111111111111111111111111111111111111111111111110 H
b11111111111111111111111111111111111111111111111111111111111111 E
b1 G
b1000000000000 A
b1000000 ?
b11111111111111111111111111111111111111111111111111111111111111 9
b1 8
b111111 >
b11111111111111111111111111111111111111111111111111111111111111 /
b1 .
b1 @
1!
#2370000
0!
#2375000
b1111111 D
1!
